full_visitor_id,visit_id,transactions,revenue
0007617910709180468,1481559832,1,21.99
0014253006455543633,1487545280,1,64.99
0015950283479889703,1488148550,1,5.5
0020342483972052451,1481074662,1,99.15
0024314485741511650,1482891024,1,243.75
0024725579067754075,1483638411,1,33.76
0027729301290398668,1484712595,1,64.17
0036194035121102485,1486494742,1,249.78
0044869357011346837,1483802210,1,59.97
0047471876951764213,1482340797,1,20.59
0047509547902079820,1485544215,1,29.56
0047868538532140235,1484744069,1,118.94
0049832664882617771,1487473668,1,49.79
0053010816158486672,1487175167,1,63.78
0053077699040878872,1481204256,1,27.99
005339642194263188,1481910399,1,15.47
0053544367470918772,1481059277,1,728.38
0054279989591037024,1485026562,1,88.19
0059545191328861629,1481114207,1,91.77
0060873674881142784,1484258736,1,42.17
0063706256894298571,1482707645,1,99.97
0068546456225736307,1481400602,1,23.97
0069780920436052632,1479231701,1,487.6
0069975515256019300,1478548133,1,55.37
0076529729049367813,1482366901,1,65.99
0081840705529000272,1483557886,1,127.96
0083964139069484153,1480547131,1,24.19
0084741906853491251,1481847636,1,93.99
0085057281729508802,1483421832,1,39.37
009046037663524262,1487112693,1,42.58
0092577710025173656,1487700602,1,664.86
0101246539776970727,1482345371,1,176.6
0102127042498450827,1481504013,1,28.38
0102127042498450827,1481913181,1,19.98
0103488992784926412,1481907276,1,72.94
0105953259825061684,1487371091,1,36.59
0111261597665013586,1479703276,1,24.33
011223364686614335,1485789961,1,42.97
0113842242927238752,1482527949,1,173.72
0114215561909122661,1488353173,2,1108.7
0114893528564579143,1482106474,1,28.98
0117006987850476291,1484462565,1,6.98
0123061672608906745,1479495304,1,22.99
0128830210468179660,1479336664,1,40.78
0129621051269020257,1478752887,1,27.19
0131875932724045086,1480111178,1,65.37
0134543573456503980,1478209537,1,125.29
0134543573456503980,1478727098,1,37.56
0134817585377058947,1484860279,1,152.45
0135432212707864703,1481331493,1,36.98
0152778576197288117,1485840660,1,45.99
0156015502078053139,1480349587,1,13.38
0156140817362296281,1487265657,1,17.99
0157339933798750931,1482032374,1,47.79
0159084910202112487,1483552413,1,22.37
0161009524292009252,1478193327,1,61.99
0165267667365212716,1479751970,1,52.94
016600374334482677,1479337500,1,32.16
0166887489328887096,1480361997,1,64.97
0170940722150121590,1481400754,1,47.98
0175318834283875506,1486157107,1,469.8
0175318834283875506,1487093716,1,68.8
0175518117099857981,1481479519,1,90.98
0175697895967494517,1481928277,1,12.97
0178222732694337574,1486001825,2,39.98
0180933733703571150,1480297517,1,97.36
0190642816438085656,1478204871,1,342.25
0190642816438085656,1481214256,1,38.8
0196352031623164153,1481305939,1,18.59
0197277329550470329,1478890513,1,479.0
0199007580877867026,1487433407,1,17.99
0199117534740864877,1483672623,1,227.6
0199756139590139879,1485791810,2,601.1
0199756139590139879,1485974069,3,983.53
0200510094584379080,1480877949,1,42.35
0200858359127299953,1480642110,1,87.19
0204360574486607491,1481413836,1,42.33
0208951486693076734,1480346874,1,36.78
0210005071508705826,1479146483,1,88.98
0210797287974741332,1483636028,1,42.97
0211475535612871703,1487556434,1,85.42
0211475535612871703,1487859702,1,17.0
0211986650009953276,1483568879,1,606.95
0213071560453106423,1480533329,1,28.18
0214776722271775969,1486076177,1,278.7
0216379390200329933,1484334309,1,127.77
0220695720492664721,1487520984,1,54.37
0223683667601132018,1481060961,1,35.78
0223683667601132018,1481774509,1,17.19
0225621684999318305,1479406146,1,18.59
0226612145817715297,1478668523,1,30.97
0227223667732638007,1484144991,1,15.2
0230412258531789338,1481924464,1,57.77
0231481887069911183,1482343767,1,52.79
0239598330790272854,1483927668,1,88.99
0243955375764569680,1482339092,1,167.15
0244256673220806549,1481951732,1,91.37
0244766556983704128,1478387313,1,66.96
0246574639180766080,1480722169,1,57.37
0248816373515809143,1478573186,1,78.11
0249200089780217479,1482303690,1,45.47
0255313102890306362,1482013201,1,25.99
0264439262506145643,1486482905,1,42.98
0267986414856681204,1479405334,1,53.97
0267986414856681204,1480915628,1,42.38
02709834583138581,1481929104,1,9.99
0273584168531981189,1487370924,1,40.59
0277222292888807077,1481251857,1,57.97
0290663072707523580,1484344382,1,248.3
029131400687020410,1479333542,1,758.63
029131400687020410,1483470881,1,139.32
0308396243566145332,1484843363,1,45.96
0313128019616030998,1478740345,1,45.97
0314533611538644167,1487007915,1,30.78
0317661710948460673,1479319038,1,46.59
0319620292000180209,1486004391,1,20.98
0321747208131220508,1487803462,1,306.7
032685444859747984,1485389275,1,471.87
0333033833560922860,1479804246,1,182.96
0334916383849466701,1484262900,1,48.59
0343104487250705794,1487028972,1,166.96
0343104487250705794,1487089142,1,111.96
0343104487250705794,1487132331,1,240.94
0347078791302547544,1482874457,1,26.99
0347426080243057728,1488209831,1,55.17
0354787200849804630,1478584782,1,119.77
035660671109530802,1479614671,1,133.74
0357440337109667396,1487468113,1,47.0
0358654455062914123,1479837015,1,26.96
0361534245405505016,1486870308,1,142.65
0366796863244619267,1488179224,1,34.68
0375424311834211727,1481775359,1,25.99
0383714650593435379,1485203230,1,19.95
0385604754912299240,1486326864,1,23.99
0385969934087457197,1478559709,1,114.9
0388208942401904035,1479494765,1,28.16
0389136722695149263,1479174700,1,102.94
0390998170566117826,1483638909,1,23.99
039355803762628039,1488093378,1,29.58
0395012696484203225,1480710420,1,98.98
0395012696484203225,1484964281,1,120.98
0401157104421670800,1482239038,1,25.99
0403377724115575972,1486571908,1,19.99
0405613301455395523,1486577500,1,81.99
0405613301455395523,1487268763,2,138.38
0415394625340972240,1487219330,1,53.8
0418715380582536680,1482370479,1,14.99
0420713714276209262,1478642741,1,26.19
0430094899859964214,1487001849,1,90.58
0431394148721181795,1478742190,1,43.98
0432606793105704004,1485327772,1,705.8
0433977539031077073,1486064701,1,5.59
0435284079726114731,1482189363,1,31.38
0436141361480108416,1478904213,1,83.58
0446307598015350028,1486831130,1,25.98
0446530628716956924,1481049135,1,51.79
0453417896500580053,1481838899,1,67.96
0456585804826434876,1482097342,1,19.99
0457069299190177448,1487270537,1,48.99
0457728965473786479,1481518347,1,34.5
0459959187480356493,1486508356,1,35.97
0460590127025597143,1484317916,1,42.0
0463325773564352787,1485471506,1,52.79
0463325773564352787,1485475748,1,200.17
04638983005167591,1483781165,1,63.96
0464008745098440718,1481852428,1,60.99
0466834914358216815,1479913858,1,9.99
047096740790346861,1481653607,1,1688.72
0473815800118504130,1487369950,1,37.59
0474194738383570173,1481569453,1,28.99
0481562034862119313,1487796793,1,19.59
0483111126014707673,1485967673,1,37.76
0488047684682615330,1487988411,1,15.97
0491316713136054865,1487369131,1,37.59
0499173638332659780,1481306484,1,164.15
0509637927726464785,1487709652,1,60.36
0518977830588706496,1482248052,1,22.19
0529281851523725509,1484178155,2,54.57
0532638128006986594,1480965033,1,28.96
0533361455920078502,1480612425,1,42.95
0533462479025888957,1484759391,1,24.19
0533869951708837257,1478224853,1,30.99
053534274976399191,1488306953,1,151.97
0540193727116110682,1485278166,1,278.7
054391506396728030,1485194006,1,33.9
0544099410312340973,1481395061,1,160.34
0544953081124286184,1481463839,1,56.98
0544953081124286184,1481558388,1,127.99
0544953081124286184,1481763076,1,77.99
054635571205456448,1488061786,1,7.99
0549958621872674126,1481228310,1,82.19
055817731640677436,1481822104,1,24.99
0567258049821128407,1483809967,1,46.79
0569752743034520183,1478640856,1,48.79
057074893306125434,1487975966,1,220.7
0573792080831880040,1480822069,1,26.98
0579022412844305962,1487028752,1,16.59
0579326161967924544,1484846267,1,25.19
0582559656298634054,1485554158,1,7.97
0585708896049892,1482353984,1,45.97
0586022395219552336,1485829002,1,111.02
0587123899418457189,1482774338,1,58.14
0592466522618439413,1484027155,1,28.99
0594824422792523749,1481556993,1,183.8
0596169222611729599,1486248782,1,24.99
0598117673403235855,1481396589,1,28.99
0598476687815353252,1479859134,1,10.99
0601406166745975278,1478098902,1,20.19
0608915197735218105,1478727534,2,266.91
0608915197735218105,1484071431,1,139.36
0608915197735218105,1484346392,1,507.84
0608915197735218105,1485467658,1,262.37
0617283905493277793,1486496627,1,630.4
0618198661111278556,1478452402,1,17.99
0618831613303765725,1482426595,1,35.78
0626284759664097746,1481917757,2,1691.7
0628736701415781712,1485322773,1,50.79
0635884302803759037,1479345269,1,56.32
0642830728760694475,1478268290,1,66.78
0642830728760694475,1481301040,2,254.63
0642830728760694475,1481315455,1,91.9
0643723713237461327,1479762964,1,33.37
0643786734868244401,1482120932,1,58.52
0644443100947741701,1482680737,1,21.0
065245131914018329,1479921257,1,26.59
0652686133169550028,1485201894,1,34.98
0652777252868843895,1479162450,1,759.45
0659725542729208475,1482449774,1,29.98
0664955402835707900,1478533030,1,32.19
0665007615083266355,1480324753,1,25.99
0671204886678847894,1478195631,1,40.98
0676766064405033146,1480011539,1,25.49
0682017787795795998,1478135487,1,168.36
0682695636245631382,1478464694,1,63.9
0685256580090504239,1480432688,1,24.99
0688527857109237010,1485535462,1,201.9
0689221493301196449,1483496326,1,34.19
068932429089394729,1487616975,1,25.97
0701601838005591363,1486318829,1,370.36
070893140406305841,1484674322,1,139.85
0714601935287141843,1480457740,1,232.92
0717319288989549456,1480785945,1,23.99
0718076753301188235,1483893162,1,160.92
0725021958135646864,1479186862,1,73.98
072595322994470645,1480438148,1,106.0
072595322994470645,1481838119,1,124.8
072595322994470645,1483474149,1,168.75
0728302696788663197,1484168605,1,16.97
072871522029318255,1485327451,1,7.98
0730124493043113245,1482325987,1,76.42
0733100744412065311,1481488394,1,30.98
0733219058385493693,1480565270,1,33.99
0733757037931594916,1484702501,1,41.56
0735968675616410716,1487107725,1,34.59
0735968675616410716,1487183502,1,41.59
0738603250513383829,1488213318,1,63.99
0738742613780622904,1484351598,1,61.99
0740071062904614725,1479765453,1,120.99
0740400499011848560,1488241851,1,21.39
0741389474680057629,1481902742,1,15.98
0742975179867188393,1481931251,1,8.99
0744307603598668939,1484766245,2,61.36
0750546000132360677,1480779852,1,45.77
0757950347466502177,1479410455,1,38.99
0765966183501214400,1483730247,1,192.88
0767948001817807198,1480135094,1,58.96
0773667646845315582,1480638107,1,63.49
0774526615383455547,1482088743,1,146.54
0774541134631990830,1481900268,1,50.98
0776257183737046172,1484354873,1,42.99
0777578217567505121,1482203319,1,45.99
0777922178356486144,1481507658,1,53.77
0777922178356486144,1485307902,1,24.18
077910788641080085,1481248782,1,52.99
077910788641080085,1482860947,1,105.98
0789927106089725270,1481332629,1,47.79
0791557118372072276,1481560165,1,21.99
07943880251511904,1481573573,1,68.99
079475762358903551,1487186618,1,475.75
0796318880123219460,1481640893,1,25.99
079827535407240779,1479484357,1,145.73
0802037866085868199,1484528341,1,20.99
0808188573031707969,1486993719,1,17.98
0810563443947477001,1483315785,1,153.52
0812697329895229962,1479276952,1,174.98
0815303383277659803,1481949046,1,65.94
081985686030532619,1481306198,1,346.62
0820013973529308725,1487112090,1,168.96
0826207709739498709,1478374991,1,39.98
0827721047010562264,1481648907,1,133.19
0828346965337249044,1480177181,1,78.96
0829523931932991940,1479505183,1,387.75
0830215024600450137,1482015427,1,27.99
0833802672962058376,1479164251,1,32.18
0834453370110165389,1481836735,1,53.99
0835258838123409003,1482272981,1,42.58
0839022439615677682,1481827139,1,41.78
0839560865423027275,1483559151,1,62.16
0840608732692239910,1484320817,1,12.96
0844230928212889556,1479843835,1,24.99
0845988907408723108,1485650294,1,31.98
0846909178011312417,1485382443,1,2.99
0850923639048818616,1479395741,1,131.35
0850923639048818616,1479928919,1,3.4
0855579681303585688,1485649229,1,5.59
0855579681303585688,1485715194,1,13.98
0858529807992469732,1478815482,1,202.54
0860221827214296811,1480947876,1,169.86
0860415108038967350,1480292824,1,53.17
0861638712901120319,1480338724,1,14.19
0869298894715045644,1485391219,1,62.99
0869668043543534560,1482296712,1,17.99
0873520573729672168,1479409528,1,23.19
0874430449698424125,1478972843,1,5.99
087919605807565397,1480478174,1,28.98
0880816614925318447,1483928251,1,14.98
0881711197149312621,1482024261,1,13.95
0881924298992191221,1481810977,1,91.99
0883217425810297944,1484004166,2,142.97
0885381131657662614,1487968102,1,448.95
0886432693783342785,1487108096,1,34.59
0887453642354701418,1487570448,1,26.97
088808220383842202,1486121492,1,198.42
088945266147609238,1483477140,2,1755.27
088945266147609238,1487097851,1,20.58
0894441452857839509,1479751725,1,704.3
0895662371717946210,1482540762,1,20.98
0897654125845152658,1483030953,1,52.0
0900191466663254191,1482358543,1,337.1
090327840318017838,1482848955,1,14.98
0906961330340669974,1487344663,1,80.9
0906961330340669974,1487871792,1,2.2
0911550486858499476,1485304337,1,20.99
0913559547538948059,1486689343,1,26.99
0914648928520608804,1487370001,1,35.59
0915231789774520387,1479167077,1,21.58
0917544021316990441,1478542804,1,36.45
0920785317626373504,1485710273,1,60.99
0922459569275829915,1481206787,1,78.17
0924691897668681538,1480547041,1,46.59
0928427495961753778,1481070401,1,602.65
0928714306844952412,1487215529,1,41.98
0929362987214513491,1481340773,1,31.39
0932061680533450083,1484424982,1,19.99
0934250478833663076,1481390478,1,29.96
0946442826800977839,1482160541,1,35.98
0950533423538162266,1484855373,1,26.99
095069773067468232,1479599435,1,29.99
0951979273858392158,1481132948,1,1243.85
0953219118921998006,1481223829,1,53.98
0957655625649355657,1487845288,1,19.99
097021672781707916,1479503856,1,65.58
0994538457525801858,1481730341,1,30.18
1004387731868322508,1485132761,1,31.18
1004669910658205499,1480701202,1,16.59
1007381091974850784,1487180354,1,66.57
1011710893892785431,1479391957,1,152.76
1012363918031449847,1486510446,1,1101.0
1017523686792237118,1487976614,1,52.79
1019144763983304316,1482201109,1,29.97
1021564728056895088,1484363019,1,23.99
1029117971501759934,1479428329,1,49.85
1029117971501759934,1483463140,1,57.69
1029323150011228171,1485903008,1,47.28
1029323150011228171,1486152691,1,95.13
1029342389721979537,1481613856,1,179.15
1032460027465550436,1479219687,1,520.0
1033431819370564673,1487994557,1,232.44
1034770188837469990,1482091170,1,40.95
1045033759778661078,1483039738,1,403.23
1045033759778661078,1486423724,1,489.04
1049505592515499633,1481679774,1,42.98
1051011505406858792,1480647120,2,61.44
1056878480433332365,1480946367,1,66.99
1057078399235259309,1478473887,1,232.1
1057122392851131616,1482401044,1,121.94
1059009151425872003,1486576094,1,13.79
1063651652107093288,1481131005,1,35.97
1063651652107093288,1482271548,1,51.79
1066020050760729061,1480728514,1,51.79
1066020050760729061,1481004054,1,36.78
1075314772722686078,1479004268,1,63.99
1077076810453289235,1480480557,1,45.98
1077076810453289235,1483736730,1,31.97
1078162902479144133,1484079124,1,163.44
1079388627585956636,1479782919,1,92.97
1081131800379517088,1481904443,1,23.18
1081131800379517088,1482519494,1,50.79
1082276625176351939,1488259914,1,69.76
1083022042511644980,1478710189,1,21.99
1087259090799604358,1478889144,1,20.97
1093352419037497878,1486662292,1,49.79
1096278048231856532,1484731002,1,11.96
11018661240317813,1481666010,1,18.59
1109190750765217972,1480974192,2,888.97
1109190750765217972,1480977963,1,844.16
1111470101899387454,1479897941,1,12.5
1113340453479949203,1483049863,1,24.99
1114521449277749382,1481520666,1,81.99
1118628644000079833,1482239514,1,44.59
1118844520744405743,1478890371,1,16.0
1120023251501467003,1487370963,1,38.59
1123528056036404,1481556786,1,98.96
1127359726951964431,1480984486,1,84.96
1131086328893373855,1484776178,1,1506.5
114233892855684794,1481135272,1,283.7
1142710637622471759,1482083828,1,92.96
1144117197665161033,1481776205,2,47.96
1150675365558064618,1481482260,1,22.19
1151339450407656012,1487353418,1,105.36
1153007452600171465,1478667089,1,35.38
1154591179135966046,1482276893,1,81.36
1157125001046476937,1481112893,1,56.99
116430981904323422,1481403186,1,29.98
1167024322256715151,1483658331,1,16.99
1173975954464050303,1479963233,1,25.99
1178415213642758789,1481848643,1,48.99
1178664219909406421,1486663266,1,57.58
1184983596770783186,1482520854,1,19.99
1191483048689991981,1479496343,1,40.98
1192017691376651949,1481259782,1,41.97
1193560579647206164,1486654953,1,64.99
1195443770877125809,1478731708,1,57.97
1195443770877125809,1480795417,1,31.57
1196381528907199220,1487025142,1,77.7
119870259714905967,1480392688,1,812.08
119870259714905967,1484074929,1,873.7
1199286603466925741,1479519274,1,61.77
1201752200432942161,1482976381,1,53.79
1201830545807654637,1484453948,1,17.99
1203064658945924144,1482622866,1,33.99
1211742763650822422,1482173335,1,167.55
1216652918682423609,1479466578,1,28.32
1217627082294977824,1485967243,1,105.49
1223899180553359197,1481380913,1,56.94
1224675976671171079,1486233245,1,58.99
1226455663650597875,1479016772,1,24.98
1226763862355388070,1482879695,1,102.75
1228194844972973772,1485958269,1,166.16
1229962015086120441,1481480173,1,91.97
1232482218170292968,1484102061,1,42.47
1233984196205205270,1480392142,1,120.39
1234072966949787632,1480896743,1,104.98
123515470539381845,1482936738,1,196.98
1237573509074920904,1483063660,1,23.99
1238921085129292496,1480215228,1,43.37
1240339173330804502,1478060928,1,35.97
1255447654498305534,1481659115,1,19.98
1257038584322727844,1481758372,1,26.59
1257490177603749708,1479756612,1,37.38
1260618609056502343,1478049599,1,155.0
1262082110712343410,1486939881,1,35.97
1268621517820517686,1481644869,1,48.57
1270881807221511963,1485356334,1,113.98
1271739936649587420,1486155144,1,245.96
1275591900543262548,1478733730,1,50.79
1276106485558955732,1479932562,1,43.32
1277192701397788259,1478009956,1,50.95
1277222785270876004,1481670087,1,41.77
1285137808569536764,1487009782,1,7.99
1285137808569536764,1487017996,1,58.99
1285137808569536764,1487684690,1,21.59
1285137808569536764,1487880533,1,22.19
1285137808569536764,1487950034,1,16.19
1285137808569536764,1488207403,1,25.99
1285811160522710067,1480957172,1,45.79
1285811160522710067,1485055110,1,20.19
1286257134641757416,1479333629,1,28.6
1291592657777580193,1480974457,1,97.37
1292690271020897036,1485752084,1,11.24
1294302951834290508,1478119867,1,115.44
1297718838071700682,1486500585,1,36.95
1308843236768324191,1480564970,1,1351.78
1315772786660606104,1488035075,1,78.56
1316486783766526130,1483125175,1,77.99
1323131540348895975,1486488631,1,25.99
1323672990415209613,1483200850,1,14.99
1324866380268873022,1484761831,1,17.19
1325914909641958196,1483772850,1,52.22
1329871856127534519,1480444811,1,15.79
1331759169231440812,1485731401,1,71.39
1332936186691040151,1481054012,1,18.59
1334008915798864953,1481901060,1,27.99
1335574436340895717,1481822728,1,100.99
1336773302249657175,1481553902,1,93.14
1336922403988607259,1483989371,1,33.18
1338395065492103820,1478794008,1,66.99
1339321155836182076,1479407214,1,17.79
1358005848480862728,1487820073,1,21.48
1361425561124755941,1484082673,1,23.19
1366164390851974199,1481577677,1,61.99
1379398622703975756,1484328131,1,121.78
1381431420028484439,1486760380,1,168.55
138351554340162956,1480963112,1,14.98
1390764594937000351,1483725016,1,51.36
1395211458092919776,1479742202,1,50.79
1395211458092919776,1482347820,1,25.97
1410336440849356236,1479365088,1,1998.0
1413300845517352724,1483354066,1,134.37
1413774072675634121,1482631339,1,39.98
1414623554753311414,1482929587,1,114.9
1421300908868537589,1480479108,1,15.99
1426332006192749425,1481688817,1,100.13
1429990945500722210,1486710771,1,100.99
1433472344011352817,1480471352,1,1123.91
1435684047649600050,1482862620,1,105.85
1438175250765440260,1482080817,1,26.98
1439158050159704708,1481307670,1,24.99
1439206441625639697,1481773632,1,32.17
1439206441625639697,1482178050,2,82.52
1439992538528236582,1479914175,1,14.59
1440024345080708014,1484752096,1,113.32
1441816679922276355,1487974393,1,38.96
1442096132173976146,1485930160,1,11.59
1442960211530041793,1487028762,1,22.99
1443139528202497204,1478374849,1,121.35
1444097777351910879,1485701876,1,29.98
1449837580028486750,1478998208,1,37.96
1455159374538425132,1479948701,1,59.99
1459983608838100423,1482792549,1,90.38
1466669446695203037,1481188702,1,42.95
1467141040071374986,1480537007,1,40.96
1473787731334256605,1480610392,1,91.97
1476938238176225678,1487021571,1,140.27
1479905681893527974,1483768019,1,107.98
1480311877127336013,1478007873,1,1015.48
148135394525872002,1484770707,1,86.92
1483444603828015067,1480307065,1,23.99
1484502136369116439,1479052527,1,50.91
1486156672928256962,1481410651,1,48.97
148866414705224159,1487943822,1,10.99
1489415395577768246,1479530630,1,50.79
1489499358843992719,1482272133,1,19.59
1490558553818530030,1486760080,1,172.34
1495007874575994713,1482173013,1,11.19
1495136807015005077,1481993962,2,53.57
1496770085953274945,1485194990,1,35.99
1501789786482785393,1486777519,1,56.99
1505845633682209456,1481556165,1,107.96
1508632371147736112,1478279685,1,33.99
1508794680190064090,1481758049,1,55.37
1509098808540073763,1482178410,1,17.99
1510974355479295771,1486054170,1,27.48
1511007737584531447,1481577230,1,34.78
1514746421372852688,1481564234,1,195.93
1515533480532794253,1480651999,1,48.59
1515533480532794253,1482451604,1,39.39
1519300050555957150,1480904889,1,60.95
1520999328918083380,1481257903,1,82.99
1521151312115546535,1478632426,2,75.76
1521151312115546535,1479332881,1,78.32
1523099638352669499,1478283437,1,10.19
1531412460891558131,1483403119,1,39.98
1533016242418481907,1486434926,1,66.58
1537806691973735253,1478789613,1,32.99
1547996102864288970,1481738160,1,61.15
1547996102864288970,1482165979,1,51.79
1551685942677239452,1481588301,1,61.99
1553504908601719051,1481652978,1,15.47
1555076387153706787,1483412499,1,17.98
1555076387153706787,1485359576,1,22.49
155711517942843047,1483470975,1,107.31
155711517942843047,1484012596,1,1248.6
1560871818070295812,1488062443,1,11.99
1563165194353120614,1481044746,1,914.25
1563728423937786678,1486527147,1,84.99
1569773917154693900,1478653216,1,83.99
1576812212871623253,1487114339,1,110.84
1579091096057417396,1481693152,1,26.97
1582753362351351109,1483415747,1,17.38
1589619757343679069,1481426278,1,23.99
1590294463633434388,1484518570,1,22.98
1591673974231051081,1482280214,1,282.97
1591673974231051081,1483487862,1,247.16
1596912606849218999,1483974967,1,8.5
1596912606849218999,1484684674,1,12.5
1596912606849218999,1484796319,1,7.5
1599573902620912792,1479335861,1,16.99
1599852514978862986,1481075689,1,13.48
1600149537033335850,1484236611,1,531.34
160507326253742421,1486231286,1,29.97
160575523826516091,1481930505,1,23.99
1615259019878986588,1482445173,1,134.56
1618402686799055031,1481355663,1,1015.83
1620948710344032805,1484805232,1,107.18
1627208831212925916,1485477973,1,33.39
1627561548063707415,1480624684,1,61.17
1631417180035527260,1482271213,1,45.97
1631675056945352864,1478570923,1,24.99
1634312136039689042,1487806986,1,19.39
1634435651836897425,1482402531,1,17.19
1634896680671589410,1487368698,1,293.9
1636432037261130042,1483487213,1,210.14
1639589047263376521,1484259363,1,38.38
1639589047263376521,1486796102,1,46.79
1639589047263376521,1486862868,1,62.99
1642230725550397951,1480365031,1,76.99
1644471510299169992,1484272649,1,19.99
1649731062336600949,1481940614,2,60.77
1655308906576481640,1482449329,1,67.46
1655430627864078480,1487759989,1,104.98
1658702239532336072,1480527587,1,53.79
166183639311529563,1478140276,1,36.99
1665883834078021725,1480472776,1,767.64
1668298604221469868,1487117894,1,52.79
1680034700682349362,1487179154,1,47.49
1685233972617661487,1485764399,1,42.98
168621227564680642,1479788929,1,13.99
1689971713322520548,1478620773,1,24.58
1691262461712944619,1480534466,1,121.98
1697669626154342415,1480963612,1,60.99
1700283249840383567,1479355716,1,19.99
1700609130289534908,1480258436,1,20.99
1702474213534153249,1483413876,1,35.39
1704026974933419709,1481906904,1,50.98
1710028680254834304,1480380932,1,45.96
1710046532262949205,1478119010,1,61.27
1712593526957170290,1480130589,1,24.47
1714224568602115388,1486231827,1,48.98
1716182036681293379,1480923508,1,21.58
1716654206018570028,1482249883,1,23.99
1720006022504089919,1481339922,1,144.96
1722461121471854562,1482161849,1,34.98
1724440306318274648,1483630921,1,353.32
1725749160800980058,1480656927,1,41.58
1729629382364849141,1482796846,1,178.57
173033808547433503,1480117636,1,12.99
1735733574864942932,1486161876,1,114.72
1738165466373863553,1487357549,1,20.99
173863901552294318,1484256466,1,37.76
173863901552294318,1484399835,1,114.16
173863901552294318,1486648197,1,29.98
1738877552800780559,1481042725,1,21.59
1740096949560523754,1482610774,1,59.99
1740096949560523754,1483766331,1,4.99
1740516675967625074,1484791498,1,883.9
1743883708888557342,1481045085,1,374.85
1750309305209868521,1481146338,1,129.95
1754913906837979962,1481930550,1,99.6
175507400983740299,1481491845,1,20.49
1755285075789070273,1488328765,1,15.99
1755438626455874650,1478476889,1,82.94
1758403603414007957,1484861448,1,39.49
1759779356678951325,1481912077,1,259.3
1759779356678951325,1483030095,1,1483.63
1759779356678951325,1485467514,1,266.79
1759779356678951325,1487113101,1,262.9
176005021706950083,1485386572,1,15.99
1761613768305103159,1478540454,1,92.99
1765448131945417161,1487725841,1,81.34
1773585151550770060,1481397709,1,20.99
1774756696067199606,1483925055,1,567.85
1776097454835233933,1482297511,1,97.99
1781010856470588280,1486038053,1,18.48
1783799156295580451,1487271351,1,137.97
1787782148988607954,1479234118,1,26.99
1788821557612068875,1478085011,1,75.99
1790257828518199138,1479271699,1,153.93
1796752581308376483,1481144441,1,41.95
1799811796285351595,1481566348,1,97.58
1807168875830631146,1484164074,1,270.74
1807459329834754968,1481570276,1,83.94
180838537120109242,1478553548,1,16.59
1814166460229302850,1481860237,1,1172.15
1814166460229302850,1484275199,1,1194.88
1814166460229302850,1486135601,1,1180.47
1817311646985254835,1479857754,1,29.99
1818521455599915164,1481238769,1,22.99
1820693889236774017,1478039802,1,23.99
1824403942849017875,1482372087,1,39.74
1827094194524010860,1481928559,1,20.98
1827763305655925232,1481824837,1,207.68
1827763305655925232,1482175597,1,181.47
1828950887342366657,1486711562,1,32.99
1830678414845743421,1481395173,1,122.96
1833474884498014374,1487372328,1,76.18
1833888103682137596,1480094264,1,21.99
1838185518562718832,1478232588,1,31.98
1845281550200982748,1483627716,1,105.99
1849906954215296139,1485760289,1,103.93
1853598182868352688,1484846506,1,20.19
1856789034184748379,1478639412,1,62.99
1859923053751186774,1481324309,1,24.19
1862421020619343868,1478547965,1,89.78
1864017936714423665,1480987877,1,49.93
1864783493750770519,1479249341,1,48.77
1866457015323944789,1484670113,1,20.98
1868935000075627039,1481912457,1,28.99
1871702930440783292,1481034108,1,19.19
1875834855839567395,1483224091,1,97.03
187866444913017683,1480839715,1,78.96
1882187047309796513,1486571256,1,17.99
1882371542926030102,1480297308,1,11.99
1892415796758956218,1487380108,1,130.75
1895007641407662784,1486593402,1,9.75
1895782678595492670,1482446464,1,42.98
1900751757344358129,1478282790,1,194.9
1900860815673587826,1486651926,1,344.59
1900860815673587826,1487781593,1,73.38
1900898927258752827,1481319216,1,29.78
1906926996764473743,1487366573,1,253.29
1908025303707716232,1487205090,1,25.99
191180858641286054,1478650959,1,27.9
1912171696404614362,1481919206,1,75.58
1912325776785517959,1480967303,1,84.17
1912325776785517959,1480972956,1,14.59
1915070543661509940,1479687903,1,27.99
1915538933685278364,1483632043,1,108.0
1916023905118162049,1481843234,1,33.78
1917703421889337205,1481227030,1,19.99
1918500785081958231,1480636441,1,45.98
1919186994660632677,1487107681,1,34.59
191995188120830505,1481326135,1,42.95
1921879989553252986,1478371602,1,60.99
1922536845404331112,1481583482,1,45.79
192269026404761198,1487104486,1,21.99
1924458237730000404,1481238996,1,60.99
1925633389522225305,1486490366,1,117.36
192710626799609960,1479771576,1,22.99
1927175312147751345,1481324085,1,53.97
192847875246565811,1482109221,1,80.99
1940236239352027930,1484980553,1,94.98
1941279334540452285,1485271156,1,117.94
1945460168303919891,1479165085,1,33.0
1947121287364717065,1480719401,1,43.99
1952489722981028031,1481928963,1,80.75
1956307607572137989,1478630878,3,1480.95
1956307607572137989,1478708788,2,1387.05
1956307607572137989,1478811668,1,870.41
1956307607572137989,1478816995,1,647.93
1956307607572137989,1479414246,1,577.75
1956307607572137989,1479742819,1,1578.25
1956307607572137989,1480700022,1,549.87
1957458976293878100,1487097028,1,17859.5
1974892456165187964,1482437085,1,122.14
1978868515963084363,1481636511,1,62.99
1978868515963084363,1486952942,1,212.92
19814677684676098,1480956904,1,40.98
19814677684676098,1484015270,1,55.39
198403235748042235,1480620836,1,67.96
1984127525672882092,1478529676,1,47.79
1986045889598602804,1480360509,1,64.99
199097744636621972,1484701819,1,680.05
1992524663355692792,1487207043,1,30.0
1995748726207840322,1482031791,1,18.99
1995912971460656574,1480949203,1,148.71
1996773434304553418,1487835927,1,45.79
1997283608635698919,1484627685,1,26.59
1998944550000750737,1478031015,1,51.96
2001149638183224329,1479390439,1,733.34
2002941584451367020,1484944068,2,76.39
2003561262273243977,1478197103,1,28.19
2003564080152950767,1485808664,1,81.76
200523063890471612,1485738200,1,340.04
2009706373973411398,1481643785,1,65.69
201226261435270434,1482170984,1,21.19
2017847299139936256,1485381477,1,46.0
2020115174591875878,1484322843,1,211.9
2020115174591875878,1485900459,1,414.3
2020115174591875878,1488310439,1,396.1
2026637372991465466,1487370470,1,41.59
2032340774982891136,1481588626,1,18.16
2033149648526352722,1481515224,1,69.92
203503895549680791,1487915941,1,30.97
2037170738057013329,1487562829,1,12.98
2039413873699191010,1479097242,1,654.1
2048840372158203598,1478288758,1,61.96
2050051246311654056,1481988909,1,64.99
2056532343381851123,1482950091,1,14.39
205818826345710444,1485483505,1,18.96
2061193526205671721,1482604642,1,29.99
2061193526205671721,1482703268,1,36.98
2070973913663396602,1480865030,1,64.99
2070973913663396602,1481253393,1,49.79
20712449954637118,1481603196,1,92.92
2072942859070557608,1481787032,1,58.35
2074164338647079047,1478292932,1,19.99
2074164338647079047,1478552888,1,49.79
2074164338647079047,1478727575,1,21.99
2076798586652430197,1481951985,1,30.97
2077293997030984346,1485904887,1,13.99
2078583228250254997,1484785451,1,18.19
2083574620132385053,1478703700,1,32.48
2087880022078046202,1485379213,1,24.99
2090714886530233895,1483981412,1,88.98
2093025970866126712,1482597946,1,47.79
2093134694276222587,1481845173,1,21.73
2094792722274166219,1481863308,1,143.72
2101142366050947272,1481867475,2,159.36
2107066728400193912,1483674920,1,30.99
2107545883335786195,1487801156,1,36.98
2109053541085110320,1480473264,1,93.98
2114561506253117840,1486068695,1,13.99
2120280500988585465,1479614357,1,36.99
2124048453506060621,1480528349,1,64.99
2127057091012391877,1482008446,1,30.98
2130970500799303391,1482705025,1,136.37
2130970500799303391,1482956318,1,182.97
2135877003098860196,1487889241,1,16.99
2141731581139824096,1478132782,1,634.8
2144851320605513754,1479309239,1,32.19
2147366385529994830,1485537129,1,22.99
2166438591525900148,1480354803,1,107.05
2166926649177824953,1482941888,1,140.95
2169536133056413010,1481842512,1,28.99
2170187207466627823,1484028859,1,292.92
217188275236417745,1486386891,1,87.97
2173668037003458952,1481045020,1,51.47
2174772547924417829,1482173784,1,23.79
217550297208282577,1480988061,1,19.99
2187177207543456316,1482089993,1,179.75
2193251253036865639,1479012556,1,111.77
2193251253036865639,1482377380,2,125.94
2196696088271959039,1484073248,1,287.5
2196740575816500871,1481229897,1,47.79
219877622979658253,1478097393,1,50.46
219877622979658253,1481811786,1,26.99
2198879349250618795,1484361694,1,52.14
2200937362682564380,1481178609,1,24.78
2202174012699515596,1480915196,1,23.99
2208179340101029302,1484774664,1,1359.7
2209030491499582546,1481751144,1,14.59
2216135722677526525,1478040789,1,26.78
2220468726851984072,1481240568,1,109.96
2224647012482768060,1482089673,1,46.98
2234644290294742127,1487704789,1,40.99
2236066284946239355,1484179342,1,96.99
223992111609267003,1482091232,1,22.99
2241578867926472295,1481293032,1,113.54
2242104653639396503,1486398712,1,35.98
224703071908989026,1480795711,1,27.99
224703071908989026,1481385577,1,22.19
2253237370492207387,1481558298,1,18.99
2258248239862507643,1481565712,1,22.99
2260555908321258880,1478267075,1,22.37
2262018521556676288,1485292180,1,8.99
2263008738696864594,1482597570,1,20.99
2263874374627120387,1482261981,1,57.97
2265703789548596461,1483295231,1,44.57
2269933673702362109,1479487061,1,11.79
2272979836636092591,1483567448,1,176.8
227952716086847756,1480704314,1,44.57
2286438402554934622,1484847404,1,18.99
2289346231388937684,1487362504,1,90.97
2293938890799916112,1487372365,1,39.59
2294757944914427558,1481657324,1,516.04
2295871331415471856,1481925145,1,27.99
2297135054731105073,1481127843,1,1641.81
2306813020737490108,1486416388,1,41.98
2308970056076735364,1484162912,1,51.97
2309518825071815272,1480979582,1,88.47
2312901196911116113,1482943570,1,81.99
2316037784893459235,1481381557,1,27.99
2318328874963898738,1480396009,1,52.97
2319344514792111050,1480374515,1,60.99
2323370147843755314,1481738964,1,36.16
2324913285497438682,1479088388,1,42.19
2332536676601903155,1483992301,1,35.98
2334542446347570873,1480620348,1,25.73
2338178303528914061,1482422897,1,35.38
2339818672404404924,1481817817,1,173.57
2341873268573140480,1487278130,1,13.98
2345777682762972130,1479767173,1,32.99
2360605988531848015,1482860059,1,24.99
2367899770531887609,1483732158,1,38.98
2371906231211457127,1487282469,1,453.43
2375804711007415878,1484680776,1,47.79
2389910661161701186,1480703846,1,123.32
2390837948124103582,1487370502,1,38.59
239232141736563627,1481743984,1,36.98
2395484494080602357,1482869765,1,50.57
2397431554777461893,1478905313,1,184.16
2402527199731150932,1480093266,1,151.4
2402527199731150932,1482188198,1,94.94
2402527199731150932,1485453756,1,109.26
2402527199731150932,1485990127,1,293.8
2402527199731150932,1486398729,1,185.4
2405008838140625306,1481303661,1,22.99
2411322974724385937,1481291811,1,22.19
2411322974724385937,1481829204,1,36.18
2411322974724385937,1481832135,1,20.19
2411322974724385937,1482415308,1,27.99
2411322974724385937,1483546325,2,41.38
2411322974724385937,1485530972,1,51.58
2415085382840318427,1486077566,1,39.37
2415225635917488900,1479255159,1,43.99
2416466435320363096,1481414942,1,61.99
241662707620167476,1486843110,1,64.97
2422180165069305822,1484102917,1,25.4
2423345914861145053,1481040081,1,160.37
2424840844499220729,1479482904,1,232.92
2427288166622611520,1478554758,1,46.79
24304007537579808,1484770320,1,180.99
2430938506817988626,1481228194,1,703.0
2432203658822493030,1481921913,1,24.19
243443174438768554,1481573930,1,20.99
2434821222031951612,1483141522,1,36.96
2443130648849063586,1484930136,1,44.77
2444379082594823080,1479091468,1,103.99
2446685875964479851,1478745724,1,597.65
2446685875964479851,1479689333,1,494.8
2446685875964479851,1480128186,1,1471.36
2446685875964479851,1480525864,1,515.45
2446685875964479851,1488212442,1,690.4
2449425615576273633,1480095749,1,19.0
2449425615576273633,1483325141,1,53.96
2449425615576273633,1483474092,1,51.96
2454306711782802609,1478482587,1,42.36
2456653518531252522,1486007571,1,25.97
2478354346693137452,1484462123,1,20.18
2487086990379614577,1487975342,1,24.19
2496439703637913793,1482283481,1,1688.79
249856897836798285,1478290695,1,106.48
2499318985403227459,1484892136,1,183.9
2499407186380266291,1484633704,1,175.15
2499940374406096850,1478267111,1,24.58
2503504680943602888,1480522262,1,47.98
2507346080386513370,1479153936,1,88.6
2512335805046114445,1486016015,1,100.88
2512708881002227681,1488226088,1,306.93
2513134404212328094,1484341012,1,147.94
2513134404212328094,1486660323,2,286.88
2517364798811740879,1487267605,1,470.79
2523650599141481905,1480101981,1,121.97
2527528149176601,1480680916,1,17.99
2527621344230499541,1481731011,1,19.99
2528551022767237058,1482079220,1,67.99
2528551022767237058,1482089623,1,262.05
2528551022767237058,1482263185,1,79.78
2528617155272094595,1481686245,1,225.72
253217605888117906,1487961677,1,56.96
2535148739500640560,1479351854,1,93.97
2540477240433751647,1487108446,1,34.59
2542663761229463199,1480454168,1,44.96
2543151459368346920,1481045967,1,18.78
254413001205574315,1480711176,1,86.96
2546464604912220860,1480440587,1,384.26
2546464604912220860,1484363668,1,407.09
2546464604912220860,1485014740,1,417.8
2548634172843791136,1479942104,1,19.99
2549182723988683065,1486067577,1,188.65
2553957087129235590,1485445175,1,56.56
2556052031008889697,1479586241,1,65.58
2558560744676722529,1486998987,1,58.99
2559541037359538765,1478126871,1,96.99
2564270479700333184,1484919605,1,82.17
256685022822687518,1482367436,1,8.99
2567845597403175536,1487108159,1,59.38
25733439009029964,1481350356,1,14.39
2575256090311301096,1478656312,1,135.96
2583138417986718337,1479570159,1,82.92
2586051974603380942,1481305095,1,39.26
2586807659986814314,1480535803,1,37.96
2587166407924109433,1482285644,1,20.99
2587994886006501895,1480741782,1,75.39
2590629993785032145,1483711901,1,168.31
2591017631506070831,1483561743,1,139.92
2591017631506070831,1484842971,1,22.99
2592638729105052123,1484339881,1,58.96
2599676173769413395,1478903489,1,59.36
2602830122596681742,1482297850,1,9.18
260404193548201384,1487262799,1,28.98
2607736667163691156,1485797667,1,33.48
2620142844121221777,1480910825,1,46.79
2620614855835258214,1485798049,1,30.47
2621030918006073381,1487463037,1,26.99
2624822252903671857,1481683963,1,15.19
262536943380332040,1478157761,1,77.43
2627365926426456189,1487267852,1,92.98
2627508925809214754,1482461037,1,26.58
2630626637929580327,1478382005,1,111.33
2636295502284881140,1486233879,1,15.97
2640118849316353391,1480920463,1,32.2
264141526022556434,1482726449,1,118.96
2645531348518887881,1481740889,1,78.16
2647789776870473386,1480447385,1,24.99
2650142233022384920,1481475570,1,134.85
2654157729152071076,1482206313,1,18.99
2654985870202060107,1481052669,1,122.95
265773447087902231,1481566935,1,114.8
2660015528957444012,1486574455,1,32.58
2667042982185975310,1487351541,1,40.99
2667313637408501115,1481145213,1,22.99
2668364690542030763,1485278846,1,62.99
2678017605977262322,1484937964,1,106.78
2678408506245600860,1481742124,1,78.92
2682327128551926564,1482205625,1,84.95
2686617890416738717,1478546490,2,68.17
2698909979431470269,1484540759,1,25.99
2699081941742048853,1482362784,1,4.99
2702626484466818969,1483714902,1,25.98
2706500429954403422,1481508973,1,44.99
2708412574760368750,1482626482,1,241.95
2708901230247086106,1482006985,1,60.99
2709295266531200360,1486506475,1,423.24
2712138254756572869,1481313113,1,353.0
2734277132701240130,1483127773,1,25.98
2739022125200634612,1482176338,1,14.97
274035778263408429,1483311416,1,83.18
2740397345984519878,1481250663,1,84.99
2747620686251351645,1487394636,1,17.19
2751071784203497950,1484074173,1,194.64
2751071784203497950,1485805440,1,373.8
2751354013646268533,1487106483,1,8.19
2751456102223302101,1481059836,1,386.93
2752688798072608210,1479923669,1,417.4
2752688798072608210,1481212408,1,77.9
2754641781550794681,1485379628,1,22.97
2763002839330123118,1487198437,1,224.97
2770590171579767874,1480604002,1,55.55
2773216167322949918,1478377789,1,65.99
2773403605706356104,1478295755,1,62.99
2775394985633648624,1480969447,1,24.98
2776260304301247758,1480799639,1,18.59
2779352561946841357,1487042466,1,18.99
2779633414033651503,1480380639,1,45.98
277995947055991027,1483622617,1,98.98
278006067838626060,1482196210,1,61.92
278294025625890361,1481226480,1,37.19
2785285614162305625,1487734517,1,12.99
2793295987972453232,1483473211,1,22.99
2794285006629832465,1481750718,1,168.18
2794411975075446224,1482279589,1,63.97
280088274265058989,1479406437,1,13.98
2804925631896756050,1482087152,1,220.55
2807673742303315908,1481479149,1,58.99
2814253579769492109,1483208352,1,64.99
2814872551544320279,1483999908,1,111.99
282580967786243960,1481906867,1,111.78
2829963874275041366,1483986968,1,26.98
2831548695576636242,1480350937,1,19.99
2831548695576636242,1481074534,1,87.98
2838394030048546223,1484073717,1,160.92
2838394030048546223,1484153831,1,160.92
2838394030048546223,1485283949,1,202.9
2840155464434051520,1486141246,1,31.78
2840425200216568867,1479940097,2,28.59
2845007611633315187,1482185861,1,28.99
2848995850651736137,1478717338,1,25.37
2852655994444801734,1478021120,1,384.8
2857205495437639716,1487371535,1,37.59
2859330575716176857,1483642131,1,30.98
2862350995761121128,1480361466,1,146.76
2864376493455301677,1478300770,1,460.54
286670465887517107,1486749591,1,40.99
2867026002929382725,1481690045,1,22.38
287041233238865864,1482446957,1,16.59
28714765282885780,1486185884,1,92.31
2878531913092321151,1481471720,1,254.56
2880561522667457576,1482257189,1,33.99
2885831716084435366,1478257906,1,17.99
2888741988109163849,1480953207,1,57.96
2889102511410073224,1479242260,1,23.19
28920166996312450,1481826480,1,109.78
2893040356372252170,1480456237,1,58.14
2906374507586934680,1478370390,1,23.98
2908993415254649761,1483156405,1,32.18
2920950269946903107,1481577648,1,20.19
2920950269946903107,1481649984,8,127.31
2920950269946903107,1481656839,2,32.18
2923583380085498492,1485467793,1,46.79
2925488899469760262,1481825189,1,27.99
2926339495422227598,1479429766,1,70.54
2926339495422227598,1483484831,1,67.96
2928427849127448830,1486768971,1,22.99
292962023286659973,1481415237,1,61.94
2932968952415068282,1478133140,1,19.99
293387037477216156,1487633312,1,7.98
2936634930290678437,1484883045,1,25.99
2942212781099976151,1481647875,1,74.57
2942212781099976151,1481818717,1,46.56
2942212781099976151,1482174122,1,28.78
294715325435275737,1480522256,1,379.85
2948331056122711323,1487371405,1,75.18
2951780478776331799,1481328473,1,37.98
295938792891590357,1487770442,1,28.99
2964132388460265320,1481558725,1,51.79
2972947690277479777,1480519580,1,236.8
2973611363966262012,1482270548,2,69.56
2983171108603027589,1481857235,1,18.39
2989490372994376329,1481915714,1,53.76
2996634924605422083,1481320396,1,118.38
2997672988390707183,1480918096,1,62.97
2998921651332045258,1479968334,1,77.86
3013043151561993524,1480624326,1,46.79
3015350453130669624,1487440836,1,56.45
3017210075357079179,1487118073,1,48.99
3020902841110220885,1478275909,1,46.98
3022392995706412545,1479496268,1,23.19
3022392995706412545,1488086697,1,28.19
3022397806873476747,1479692099,1,23.99
3022821826736981569,1486268237,1,157.76
3026368959159738546,1487098320,1,68.97
3034814287433677969,1481327311,1,24.99
3038010493412298,1482616697,1,155.98
3039235683404225577,1478107415,1,132.51
3039235683404225577,1478203344,1,65.34
30600107416389173,1480437282,1,14.99
3061338030780455732,1481004102,1,104.91
306895922494129375,1483655784,1,22.59
3070332682472829056,1478220264,1,34.98
3072906415117777345,1488040204,1,28.19
3073854849237490517,1485282163,1,396.77
3074873425598115853,1481944989,1,127.72
307884915539160890,1487373008,1,44.99
3079251179571045566,1479275655,1,79.98
3080209354082466305,1484259954,1,49.79
3080226370978858590,1480297873,1,28.98
3081808777530081945,1485292952,1,11.99
3083583249945544526,1482288277,1,22.59
308402457029592335,1485369774,1,81.98
3085716023208993484,1485559765,1,37.89
3086932451453585214,1478446373,1,21.0
3087800167641443127,1486160821,1,63.32
3091668257669224026,1481399560,1,124.97
3092870845653794561,1479735067,1,41.97
3093617887616167968,1486318751,1,53.97
3099454616980621079,1481312928,1,56.99
310411461029176203,1482178766,1,40.18
3104604995796885491,1482938583,1,12.99
3108986775464139138,1488231325,1,301.85
3111088785117643818,1478010331,1,324.0
3112141012835314636,1480455491,1,47.38
3113291630696450894,1484197484,1,23.99
3113954656800256529,1479249802,1,33.18
3114573633240274987,1484795003,1,574.03
3115733553962265395,1481339276,1,169.93
3118427910929660866,1478814797,1,24.99
3118941601870086725,1484712229,1,43.78
3119753230515283152,1478661295,1,39.99
3119753230515283152,1481929830,1,27.99
3122295275432356222,1478813336,1,360.01
3128618656277921495,1479246198,1,21.99
3128896726987914881,1480534258,1,61.99
3129654954472515724,1486489846,1,28.99
3130970991190166322,1486419276,1,223.78
3131990640734225937,1482207452,1,38.18
3133496817096951875,1480688613,1,259.02
3133961575709711907,1483059681,1,1028.75
3134386734293793643,1481208275,1,116.64
3135132394776964687,1487345914,1,22.19
3136171791619750824,1484793371,1,43.14
3138433209653230300,1485018827,1,37.96
3138662586063485035,1486418207,1,82.99
3138792896874178988,1482005758,1,11.97
3140609844524297728,1480092250,1,35.38
3143111598793306337,1486477527,1,81.17
314464405997489773,1488237563,1,311.32
3147835366173133217,1479751460,1,59.97
3151287811920286520,1481911522,1,32.38
3152883096390022725,1485983659,1,79.36
3153078026846548408,1479403152,1,49.79
3153643314309934460,1487108144,1,36.59
3158193721801238039,1482258588,1,65.15
3158455409969332495,1481681694,1,1510.39
3158455409969332495,1486674574,1,81.19
3158480820561583976,1480953172,1,45.39
3158685951899841260,1481421597,1,23.19
3159050604918463196,1483139221,1,19.98
3164508454485950467,1481132636,1,11.79
3170422263023415862,1487359551,1,37.59
317257995730740367,1487371367,1,73.18
3177465633793530867,1481119666,1,23.99
31812050678769251,1482520942,1,24.99
3186875369084984764,1478581390,1,17.59
3187154400551133371,1487013618,1,23.99
3187576245078798783,1487627620,1,62.99
3190679366721791608,1486406663,1,61.98
3190679366721791608,1487258444,1,28.73
3191023303780419966,1481919079,1,40.0
3197533100947860058,1488301067,1,77.99
320170113964429981,1483989876,1,148.82
3206053801824518527,1481814856,1,15.96
32080452871669006,1487369870,1,183.36
3209681780730962666,1478415170,1,13.48
3213274881393839783,1481728239,1,27.99
3213792540886957239,1482291368,1,56.99
3215729429198564415,1484752844,1,23.99
321677574274707983,1477991758,1,235.24
3219030339075413961,1478484248,1,33.99
3220580369738167789,1482254794,1,13.78
322228537289095245,1482626483,1,52.99
3222397438054412081,1479597080,1,25.99
3224127593419927949,1480387444,1,63.97
3224500939951572250,1482257108,1,9.96
3229423601682163075,1482276165,1,31.97
3235007945976260672,1480840122,1,96.99
3239121026206302364,1484076476,1,29.78
3243512505311500350,1483546378,1,86.98
3246079438339709804,1484848918,1,15.38
3247985918659922679,1480656230,1,47.79
3248299848475124919,1479231012,1,25.99
3248695569789509662,1482632728,2,60.97
3261813932976952112,1480515205,1,25.98
32658239211545930,1481934366,1,10.98
3266555914884210654,1482056815,1,11.98
3269834865385146569,1478812111,1,188.9
327132720272185354,1478696202,1,74.94
327132720272185354,1479771062,1,64.99
3271602591909428154,1481133704,1,203.1
3271602591909428154,1481944598,1,96.99
3274741740426447449,1479496976,1,600.5
3280132197483942848,1482258002,1,90.97
3282526834147517212,1480523228,1,362.6
3282526834147517212,1481075966,1,82.39
3287424336851494398,1481815023,1,142.37
3287424336851494398,1487780557,2,64.97
3290765995277477899,1480267791,1,43.47
3296449130516590119,1479239536,1,34.48
3296487568107567712,1481767892,1,30.98
3301001176863952275,1483599074,1,29.97
3302250057608062714,1479779837,1,119.93
33024620802809684,1481089679,1,2115.8
330289116549575054,1484232693,1,82.58
3305485862461522985,1485988639,1,895.08
3307040795595552243,1478161769,1,26.97
3307727541454538037,1484840089,1,20.99
3308039382193082920,1479265415,1,23.99
3312961883012111762,1487278635,1,38.59
3317903560139792360,1481010038,1,69.27
3322420343273401546,1483986560,1,79.09
3329734681034119907,1487267457,1,76.93
3329885141648806984,1478621066,1,747.8
3329885141648806984,1488299162,1,684.56
3331520402601088577,1488317860,1,49.52
3345163376310988493,1479248275,1,47.94
3346100016851964940,1486148158,1,35.11
3347706947631375795,1483538832,1,100.08
3348449424172649440,1481912381,1,33.78
3358419113788146391,1487173705,1,64.98
3363540196931390942,1480365875,1,22.99
3363669103170861963,1479152388,1,251.41
3363669103170861963,1479223715,1,250.58
3368850852007044287,1478866179,1,30.14
3371636154189541417,1479083281,1,22.99
3386971884403473366,1487732320,1,40.97
3387281260224146216,1479167102,1,108.99
3387281260224146216,1479412220,1,101.99
3389857819205176144,1484671845,1,68.54
3391371207605838551,1483240868,1,20.59
3394557957149163238,1487101544,1,43.85
3395251230971763011,1481004872,1,51.33
3397475696574281386,1488002723,1,11.48
3404435547562826616,1485894835,1,33.98
3408469727987156299,1480610159,1,148.93
3409777638949712171,1479322768,1,61.96
3410954577195057515,1482094367,1,55.99
341351070942762610,1482080769,1,14.96
3424108581759376667,1483718878,1,65.99
342565333518409484,1483713955,1,95.95
3429044344493987799,1487647846,1,65.36
3430259988193283726,1485026682,1,18.99
3435570511670924970,1481823340,3,49.57
3435879975978458700,1481326587,1,42.98
3440800253483644462,1482091887,1,35.99
3440941357653473285,1485041614,1,109.95
3442295857384899473,1479611721,1,51.79
3444642706013409818,1481693637,1,1005.5
3445305317008053078,1479173263,1,46.79
3449650648542579029,1480359225,1,27.96
3449924104971285851,1482942545,1,768.8
3449924104971285851,1485971936,1,145.95
3450551762764650398,1481687118,1,13.78
3452334912084453714,1485559969,2,46.38
3458355427562318061,1481997880,1,35.58
3460381469953102628,1481126864,1,59.99
3468138784701552288,1482477445,1,22.98
3468690642506593738,1479401508,1,539.48
3474262337199382231,1482366067,1,54.97
3474268755825175033,1487371802,1,36.59
3474523697794005642,1487614482,1,163.1
3475663815219726995,1478892858,1,164.6
3478504089708094243,1480598233,1,19.97
3488988288066583080,1487369350,1,35.59
349551334219637713,1481308056,1,35.99
3499571954427096935,1484690576,1,589.0
3499571954427096935,1485970910,1,110.0
3500249170758628509,1484973095,1,132.76
3506542625236694217,1481604642,1,56.56
3506641252508018377,1480094582,1,61.99
3513351372508524008,1485043299,1,28.96
3515453378186105003,1484799312,1,29.99
3519741939483828661,1487107695,1,41.59
3519741939483828661,1487262855,1,36.59
3520008896446151679,1478660036,1,53.79
3520723582970220131,1487487070,1,35.18
3521234298870457889,1480364340,1,491.85
3523546723004050529,1486741960,1,338.5
3525762171058783974,1478896451,1,92.14
352600760122668518,1480205115,1,74.94
3527366305683922189,1484697680,1,88.99
3530859499206479968,1481564761,1,68.96
3533321695674569475,1481675888,1,259.7
3534045181294698180,1478906573,1,58.36
3535157243408917520,1479789442,1,74.75
3535157243408917520,1482285720,1,32.78
3536212517159320992,1480477573,1,96.94
3538702271871560672,1482115102,1,47.56
3538928341316369424,1483045697,1,20.58
3539013620174818735,1484707394,1,25.48
3541771014027462140,1487186832,1,34.59
3544319698789912473,1480524162,1,52.79
3544319698789912473,1482515333,1,53.79
3544551202207893963,1479676875,1,21.99
3546486479053564319,1483015836,1,30.99
3548260170900367803,1480132892,1,23.99
3554960621245001989,1483588653,1,82.18
3555404487376101016,1481231639,1,216.36
3555404487376101016,1481318595,1,46.79
3557316886784013473,1480392004,1,20.97
3559114892491137478,1479785932,1,56.48
3560070001469930919,1479768324,1,91.1
3570284952484252371,1482981077,1,45.57
3572331587418147063,1480617117,1,339.93
3573113591289892546,1487448640,1,8.99
3575272597943168955,1481230497,1,45.99
3577891646273486122,1481640349,1,47.79
3582956015657288253,1482595605,1,28.99
3591160643290359563,1481589735,1,36.98
3593099441368037638,1483729717,1,153.79
3598021100019368600,1481817505,1,32.38
3598529370442133700,1480537639,1,444.86
3609914106843763163,1482155110,1,30.99
3615582065852878931,1481161445,1,82.94
362055310928414530,1481744089,1,103.94
3631468795643448744,1481239167,1,283.72
3632156005952506969,1487296297,1,25.99
3635169555851296946,1482701337,1,103.15
3635169555851296946,1482946850,1,136.93
3638533281784175478,1478841444,1,21.99
3641621588258104680,1479266632,1,98.33
364162594599982277,1487261845,1,613.6
3648845765125451961,1481409759,1,48.95
3657728344837138607,1487647180,1,65.99
3660706083878335924,1481035122,1,60.93
36617629525523089,1480894612,1,29.49
3663326827740515016,1487372970,1,35.59
3667207016049360497,1488255501,1,19.49
3671059772883764833,1488242708,1,33.18
3672929716170838467,1478382834,1,40.47
3672929716170838467,1479175536,1,15.48
3674071642665354067,1485910988,1,71.77
3677318371085157791,1480629819,1,15.79
3680637680353518403,1481848053,1,45.57
3681004164006425285,1479192532,1,39.88
3682115393898564983,1481924716,1,30.99
3685672446804804725,1479098765,1,10.99
3694974073962512722,1482271250,1,15.59
3695951262891299439,1480373719,1,91.92
3697825790083716939,1483735263,1,223.97
3697825790083716939,1485299389,1,1520.81
369829332229344580,1478650803,1,24.98
3704411087594288284,1486447808,1,29.18
3705098385635161480,1480534638,1,10.77
3706266616666362685,1486713192,1,42.98
3709746839130866401,1487098519,1,46.79
3716528607664189498,1485200321,1,205.95
3718124829225998463,1481238234,1,17.97
3718554657931620614,1481142033,1,80.5
3725072130314093392,1487376962,1,39.59
3725836239165941255,1483329849,1,79.18
372706149688864468,1478032792,1,606.0
372706149688864468,1481315897,1,1360.0
372706149688864468,1484326485,1,65.78
372706149688864468,1484942330,2,892.8
3732860122805248629,1478021578,1,29.98
3732860122805248629,1479494351,1,12.39
3733830588871650226,1487369658,1,39.59
3734394198742215397,1481572547,1,135.95
3738320234051643877,1479391234,1,43.99
3743323902703489418,1481160155,1,125.98
3746316960999614032,1486165316,1,399.7
3748161125080071023,1480724745,1,140.56
3751093343937953110,1478491993,1,47.98
3751433429956400495,1481107755,1,2007.6
3756657782077054596,1481663916,1,20.46
3756657782077054596,1481940280,1,22.43
3758361664336535169,1479272116,1,17.59
3760583534389307379,1484719843,1,88.92
376313822453352161,1482025049,1,29.99
3765491629047320813,1484885557,1,23.99
3769184752556746361,1479425482,1,232.98
3769216008640439142,1484719700,1,39.98
3769216008640439142,1484958560,1,6.48
3770077969238052019,1480521166,1,17.99
3779884879150825384,1481558585,1,44.17
3782396217900147405,1481770468,1,36.58
3784755743864291097,1480344303,1,369.7
3788077234501576551,1480714708,1,83.35
379075858210159530,1486309950,1,75.78
3795227502963327300,1481077816,1,52.97
379584412519217754,1479093133,1,21.45
3798576854040953242,1486150295,1,187.97
3803364184957424266,1481940491,1,806.47
3803605814309337708,1479270177,1,23.96
3804473994888997849,1478997044,1,129.97
3809242468363995194,1479680027,1,12.49
3809826692297033526,1478368391,1,58.99
3819398190341694887,1484086565,1,23.38
3825159641728698126,1480441829,1,13.39
3826933837621771483,1480367284,1,412.31
3826933837621771483,1483539782,1,352.0
382764578031539000,1480632683,1,499.05
383083436389104117,1479145552,1,159.7
3831430428572616166,1482704263,1,44.98
3831723766212483216,1486163738,1,65.99
3832651307820804631,1487990887,1,16.79
3835134197841326255,1479404190,1,1283.73
3835134197841326255,1482419274,1,1529.0
3835134197841326255,1487265868,1,1221.75
3835994298687662664,1480878398,1,34.38
383882812253630720,1479741423,1,35.98
3838877229771449755,1480345256,1,272.7
3840560758083039332,1479775526,1,29.19
3841458002774357152,1483716636,1,308.5
3841458002774357152,1485749109,1,35.39
3841458002774357152,1488296164,1,18.59
3844953690494102723,1483093243,1,50.88
3845084664510267721,1486418843,1,1074.14
3847360722701670676,1486438949,1,38.18
3849055062112562467,1480960719,1,41.37
3855110230603514242,1479693269,1,18.59
3855340022292429663,1478568459,1,69.57
3859415812077160469,1480781221,1,33.18
3859415812077160469,1481683648,1,45.79
3860895983574499248,1482809046,1,62.38
3862003304345926516,1480362876,1,41.98
3862093055992617004,1487374954,1,41.59
3869361949850252878,1488199507,1,36.38
3871891696772635172,1483925723,1,65.36
3874062777339116474,1487572601,1,27.98
3878333273795764979,1488212578,1,27.98
388149666502674178,1480796166,1,134.94
3883919079717671978,1485204836,1,96.58
3890449304271518800,1487868164,1,485.6
389168811037319268,1481209775,1,73.36
389168811037319268,1481251555,1,90.55
3905349665021270549,1481562949,1,545.75
3905349665021270549,1487020698,1,250.71
3906220352266938232,1482120370,1,25.58
3915503045313404486,1481661165,1,159.15
3916484417528358536,1486510480,1,75.97
391659178324668475,1484749718,2,90.58
3916992730920009646,1488319683,1,425.73
3917578150848610596,1481120056,1,46.77
3918073616784112922,1486050188,1,25.99
39194810552478835,1486066690,1,60.75
3921649958751416379,1480701940,1,491.87
3921649958751416379,1487695647,1,572.36
3933973870505149047,1486947580,1,30.98
3936547620796707449,1481002223,1,21.99
3938732013035143854,1481647572,1,222.36
3939381864309559028,1487263689,1,107.78
3943384499857599795,1478394540,1,163.54
3945894443419413506,1485470612,1,23.97
394838067178638501,1482277497,1,7.59
3948620639294319625,1481068871,1,46.77
395177713873271845,1482961545,1,144.46
3955976140316873313,1478108326,1,46.76
3957556935782502298,1478186470,1,290.08
3964580077088132526,1482797181,1,46.99
3964580077088132526,1487638610,1,19.8
3965352402334784734,1482202207,1,41.18
3968337484870623826,1484193378,1,29.98
3972031438204538458,1485457608,1,47.35
3972486410352856128,1481246965,1,13.47
3973742615068285577,1488052296,1,106.99
3975716470387468561,1478635756,1,204.31
3976271665375481044,1485188795,1,50.58
3976777755892990824,1478874480,1,423.29
3976777755892990824,1479466514,1,112.72
3978014163189358246,1481126312,1,61.99
3978536727138533271,1481934995,1,25.99
397897232696727433,1483627836,1,14.59
3981643507118895427,1485984868,1,293.2
3981643507118895427,1486062705,1,287.95
3982018617759941881,1479141389,1,103.53
3987795272144398890,1481563824,1,52.77
3990058424732714693,1481933256,1,74.33
4000951838417257099,1479269180,1,17.78
4003369181946392612,1487889399,1,83.57
400913504715815672,1478311915,1,55.97
4011202411252216664,1478236842,1,61.99
4013506326100150914,1481031649,1,39.41
4013826819302935041,1482268712,1,63.99
4017026585162229127,1480292691,1,172.3
4017026585162229127,1481747923,1,93.16
4017913670369523612,1480536454,1,88.97
4019823049713520813,1483655389,1,175.61
402676978143600773,1478585191,1,63.96
4031311251122718376,1479337175,1,21.99
4032954879849580629,1481816793,1,63.95
4033167138991049828,1486147243,1,19.99
4033655615670436076,1481320622,1,58.58
4036695378449540485,1481566344,1,185.97
4037261354125477051,1480389578,1,25.99
4038189788260707072,1478774631,1,28.18
4038361093830077975,1485803736,1,375.74
4042942628381850945,1481751107,1,38.39
4042942628381850945,1482420188,1,142.16
4053729275950379466,1481738596,1,150.92
4056641951555237332,1478924668,1,81.99
4058506374393507952,1483998361,1,82.99
4058506374393507952,1485979000,1,76.99
405913439928695900,1487792953,1,24.58
406001208091891832,1485469662,1,100.77
4061383032908254634,1481573748,1,33.98
4062251488727340753,1478551037,1,58.16
4066944765697062309,1481183669,1,21.99
4076862635585033778,1484077031,1,915.2
4077897320198403283,1478810358,1,83.98
4077897320198403283,1479249620,1,147.97
407927208045481071,1479130166,1,90.01
407927208045481071,1480371579,1,52.92
4081113831133757188,1481221829,1,49.98
4085534559120905575,1481217033,1,203.94
4085534559120905575,1481736322,1,91.39
4085534559120905575,1481774847,1,230.75
4085972867127024343,1478550684,1,26.19
4085972867127024343,1479097793,1,24.19
4085972867127024343,1479856417,1,29.99
4085972867127024343,1481660216,1,22.19
408716403041557794,1482346665,1,121.52
408893888652154187,1478748122,1,118.87
4092654193706632876,1479165539,1,44.65
4100243947088783573,1481763663,1,50.36
4112758013155736648,1478207605,1,32.19
4118701850493797627,1482337354,1,44.38
4120204515295440392,1478640551,1,25.47
4123860234327657457,1483559313,1,94.99
4123909121225276066,1487169213,1,260.46
412874493990262782,1482250977,1,115.98
4132432278764632576,1485880579,2,3013.64
413980996169202271,1479611370,1,40.98
4144610970742567505,1478637097,1,412.25
4148567392230462153,1486257997,1,11.97
4150045937038585512,1478105691,1,38.57
4154862368078054055,1485224205,1,110.92
4162641733520995374,1485798037,1,51.79
4163967138563839128,1484339233,1,15.59
4164473973717598175,1481837424,1,101.92
4166325235385141102,1480912513,1,30.59
4166421942719145577,1485885179,1,120.96
4169715348324033215,1481350715,1,48.58
4174008402411981050,1485903800,1,59.99
4175464679743190196,1478733743,2,231.0
4178895217253469173,1481898102,1,62.96
4180896449051062828,1479821365,1,16.99
4181284744732666111,1485382779,1,51.18
418240738826473159,1478207235,1,17.39
4184351765093293485,1482170095,1,32.57
4186017304980916856,1481482661,1,92.98
4191379935308714195,1483624773,1,27.96
4191489896925210475,1482360949,1,351.0
419161784882208907,1481934211,1,731.16
41955139058139143,1480290842,1,112.95
41955139058139143,1482010095,1,24.99
4196418886710432062,1479517918,1,62.18
4196418886710432062,1479742864,1,20.19
4197448302797923652,1480365085,1,35.97
4207162663301325788,1486446434,1,76.46
4211738365685147723,1484697791,1,16.19
4214801094653561091,1479406763,4,919.53
4219302359703604380,1481048217,1,631.75
422544802270284821,1487163667,1,129.13
4230104325532739733,1480658539,1,123.37
4232198752490006877,1487805430,1,40.98
4233876642049714828,1481935757,1,47.99
4237702059099095460,1484609628,1,24.99
4237702059099095460,1486605196,1,28.99
4239590118714521081,1483137899,1,40.99
4242172639873299272,1480703820,1,62.99
4242172639873299272,1481851572,1,68.99
4244483702227982488,1482343921,1,92.98
4246239357308285366,1481234652,1,27.99
4246596103361426339,1481822889,1,37.94
4246596103361426339,1481826594,1,64.99
4248127151078644916,1478464698,1,146.24
4248371706463587164,1479396258,1,56.98
4257313700212414419,1478015752,1,64.98
4262513756531099314,1486156183,1,7.98
4263101733222626989,1486236129,1,44.57
4265447158786402030,1480906875,1,110.99
4266823904408093435,1482017229,1,116.93
4267209767907289538,1481633911,1,24.99
4267209767907289538,1481928497,1,12.98
4269279884422404154,1480529111,1,108.99
4271225704361981065,1481855051,1,56.97
4271792018121577582,1487705695,1,222.99
4273477250072591183,1482426009,1,63.99
427908274656251192,1486097617,1,6.49
4284396737660409428,1480877107,1,28.99
4286676770640078553,1478892351,1,108.98
4286676770640078553,1480722431,1,336.7
4290702706677666900,1480016258,1,378.98
4290831302541966980,1485456771,1,32.99
4291809001690748247,1478377025,1,27.98
4293807246358895318,1484795370,1,46.77
4294172539120874565,1480353662,1,203.8
4297559551664016957,1480521315,1,30.99
4298610228737693968,1481836197,1,445.81
4298610228737693968,1481907875,1,99.98
4299381105807734069,1482344967,1,114.17
4301598633370091052,1483550577,1,59.89
4301995352469947007,1487492554,1,43.97
4305270415377533885,1485499587,1,81.76
4307411610497308919,1485812030,1,94.99
4314863785819790681,1484683725,1,399.95
4324484121871564106,1480729192,1,120.74
4325415510422843451,1482044933,1,25.99
4329333920504195521,1487955968,1,199.17
4329830409734500602,1478027667,1,36.98
4345063544012377407,1478315301,1,4.99
4353126810797265189,1480941147,1,26.98
4353270075467470044,1485364853,1,51.79
435373542373805498,1478402423,1,45.79
435373542373805498,1480609834,1,234.15
4357414011161520512,1485484006,1,13.99
4365809776716151144,1483988529,1,106.0
4370268639929292773,1480620614,1,49.97
4370268639929292773,1482686790,1,23.99
437239129006442110,1478202218,1,286.0
4373501148978271685,1481005403,1,37.94
4373534575888961818,1480966988,2,100.7
437357987201411491,1484290624,1,1140.35
4377180576553392275,1480805140,1,110.98
438120303152930309,1479841045,1,392.65
4382298785216499010,1481501262,1,23.99
4382526488958111784,1487771863,1,37.41
438364665131336868,1481341356,1,37.98
4384177385642210717,1479436538,1,28.59
4386324166188241612,1480961192,1,25.44
4387148615014504940,1485275995,1,906.27
4390937504431620724,1482356393,1,32.97
4391159742781809610,1484034947,1,56.99
4391405793651473419,1481925157,1,66.59
4391405793651473419,1482779098,1,96.58
4391405793651473419,1482784734,1,50.79
4395471984561333181,1485477841,1,17.97
439585555102338304,1478489502,1,91.98
4395896663902576097,1481336196,1,26.99
4398994773380602997,1486067833,1,22.99
4402743200656460463,1483059836,1,25.97
4402860754109907978,1484682651,1,12.5
4403455987499606429,1481508257,1,85.78
4406321641138445418,1478055482,1,54.79
4408476978270760703,1478835659,1,66.56
4412900685343047350,1483721228,1,152.97
4417423808310929192,1487971919,1,57.99
4419213333970429526,1483729645,1,26.59
442139279401914275,1479313029,1,36.98
442233560830525068,1480601444,1,23.99
4423806705087796169,1483056852,1,7.98
4424722344312683203,1487112338,1,39.59
4426059530155526122,1483855314,1,39.38
4431313163178462684,1483740727,1,50.97
4432170800264031771,1487726655,1,1123.4
4432170800264031771,1487971951,1,143.8
4434546824564001977,1483835453,1,33.97
4434685294441627537,1478625479,1,188.97
4435702753292959389,1478668092,1,47.99
4438771378166633435,1480454504,1,53.79
4439256652059416237,1480971284,1,23.99
4443844275167853665,1480269019,1,96.98
4443963979157579061,1483465165,1,16.55
4451908991574636222,1481951344,1,22.99
445196580526849660,1479054831,1,65.99
4456079065742860006,1481031090,1,14.9
4462404968773429244,1487453551,1,82.19
4471415710206918415,1478235992,1,764.0
4475085991365888558,1485293920,1,71.14
4482624745886118154,1483476498,1,109.05
44860406295705915,1481774154,1,45.98
4490616705875483786,1488305565,1,61.99
4490879733075581588,1486833315,1,12.98
4495063769575332986,1486052961,1,81.99
4511547826484000719,1487859796,1,150.7
4516401350846808786,1482417796,1,18.19
4519532330271293397,1480381335,1,176.8
4519532330271293397,1480465312,1,183.6
4520968716061695864,1481742385,1,27.98
4525326450497146494,1484370904,1,26.98
4525480404637930448,1481736624,1,27.99
4527278298555506420,1487632120,1,185.98
452728441970444157,1480608546,1,33.98
4527632410179600927,1483893503,1,507.3
4528653182961606768,1481574640,1,102.99
4533050097351388791,1484750238,1,56.97
4534000853584837474,1482933309,1,56.36
4535350832012629526,1478535194,1,70.17
4535878237328113213,1485802555,1,12.97
4539597857733998702,1484694639,1,85.94
45411762601202035,1479244261,1,36.98
4544075373074742738,1487964931,1,593.68
4545496229316622796,1478203028,1,184.8
4548523148385419281,1481145113,1,93.74
4548986347672972514,1484696055,1,257.85
4554186249452816477,1481001208,1,104.66
4561223317257088622,1482862301,1,45.79
4578640586284138624,1478901647,1,25.19
4580502273723821061,1487604895,1,58.15
4583098107684907921,1482351159,1,45.37
4584926842212769645,1485063570,1,46.98
4586209916232697951,1480796268,1,58.56
4593551567898241658,1481239369,1,147.92
4593703173847947843,1487013979,1,133.98
4596484910104126355,1480964911,1,68.56
4596534412913426333,1480430208,1,40.98
4598118840866939868,1482358121,1,46.79
4599293151185767579,1482198930,1,213.89
4599293151185767579,1483679701,1,99.96
4600960627022225242,1484766164,1,2.99
4605732283887224691,1484073326,1,31.37
4606500893659686682,1478804811,1,46.97
4609004095369993884,1481555124,1,67.72
4609004095369993884,1482182622,1,60.54
4611888827983385850,1485649633,1,19.99
461656900049182225,1481069116,1,55.38
4616794579619589934,1478723135,1,68.04
4618938783388951743,1481739987,1,33.56
4631387008230942901,1482123086,1,77.95
463874227731644825,1480446528,1,62.17
4644922004575301985,1487190912,1,359.8
4647505914839180188,1478747771,1,34.39
4647505914839180188,1482095318,1,36.39
4647505914839180188,1485917091,1,36.39
4655118610930382512,1487805728,1,66.99
4655715907193364487,1485573654,1,807.44
4656013451214852982,1481308412,1,62.75
4656013451214852982,1487118569,1,80.3
4657067382048340368,1478633495,1,138.15
4659137506040378751,1485334784,1,19.48
4660460246407615039,1485797757,1,210.85
4660934654916749166,1480384482,1,41.99
4660934654916749166,1482374209,1,80.18
4662582475416192396,1488242984,1,563.8
4662880478046439018,1478016068,1,25.99
4664319107970739921,1486137196,1,21.99
4666942141268151409,1486940702,2,82.35
4673385160566403214,1479505585,1,23.99
4677742971872821654,1484927958,1,802.7
4685001858485495456,1480600083,1,58.99
4687536620631231250,1481681552,1,25.99
4691824911067935393,1481068993,1,40.98
4697761145388027132,1484330155,1,21.99
4697815412887719552,1487108346,1,8.38
4698134628151668241,1487875422,2,206.9
4698134628151668241,1487967057,1,156.94
4705524295193430046,1479175851,1,50.79
470917192636663681,1486675892,1,116.31
4716582509715548824,1482271654,1,49.8
4719544208189358316,1480379602,1,23.99
4724259822631281911,1479412156,1,912.4
4727618215092772991,1482273932,1,31.99
4727798162657055121,1487868237,1,22.19
473442131850032599,1487469025,1,7.5
4734664452187566278,1485222490,1,50.79
4734664452187566278,1485821417,1,64.99
4734664452187566278,1485999323,1,19.57
4738075153873011166,1483990416,1,53.79
4739974666602376469,1480963908,1,48.97
4740059017723921254,1488208519,1,70.56
4742516716194612125,1480730094,1,64.98
4742933285600029816,1479593100,1,15.98
4743363472657714234,1482726018,1,53.37
4744094275180680614,1478645472,1,616.85
4745541702702044442,1480560225,1,113.98
4748015823262497744,1484746867,1,28.98
4754999393353711212,1481501107,1,23.59
4756749329689937971,1480303442,1,36.43
4758916657085060917,1484002795,1,196.7
4761684034404885691,1480660465,1,31.98
476894088375216381,1480350132,1,488.98
476894088375216381,1480520033,1,461.49
476915905383539402,1481648426,1,35.78
4771214490771394294,1481937845,1,68.99
477281910993120754,1481829346,1,10.79
4773136139891314201,1480646157,1,64.97
4773573244753299893,1480989926,1,120.16
4776093048652012381,1482087454,1,83.99
4776430236860680101,1484553729,1,378.25
4785301051218469370,1481634667,1,124.96
4788403189075258589,1487641811,1,66.55
4788683874386053804,1486423085,1,21.99
4792411607866172207,1487024563,1,94.9
4792411607866172207,1488292886,2,101.89
4792411607866172207,1488296047,2,79.92
4792411607866172207,1488308570,1,30.97
4792644128765195526,1487108166,1,37.59
4792822839185962320,1485834622,1,15.99
4795764855587336001,1481763412,1,52.97
4800011549087110136,1478630996,1,77.76
4804098608346140493,1481233188,1,43.45
4805986758316916085,1478237794,1,5.99
480683872448243932,1485881531,1,74.77
4807533112045033919,1479836996,1,105.99
4808974885561715322,1479137563,1,80.7
4808974885561715322,1480545761,1,88.8
4808974885561715322,1481291973,1,93.9
4808974885561715322,1482299785,1,681.74
4808974885561715322,1485286304,1,91.2
4812300528361483779,1487305910,1,495.93
4815752337215431060,1481475937,2,43.18
4815752337215431060,1485121900,1,173.23
4819176962773320146,1482200494,1,16.95
4821028877021679125,1485878576,1,48.98
4822692999413007561,1486968710,1,29.98
4830211069912792009,1483321225,1,18.59
4834259788821936917,1478025569,1,55.38
4835082938415020542,1479341021,1,755.3
4835082938415020542,1480358291,1,456.43
4835082938415020542,1487016724,1,714.2
4846439934286422830,1484268703,1,35.96
4851816302878999610,1479147478,1,34.39
485966265900702326,1478382039,1,95.47
4859844656224235412,1487373098,1,85.98
4861727380918168218,1480626728,1,25.98
4863941202505455588,1487890577,1,748.19
4866154016388549666,1482282950,1,754.3
4866601788347310264,1480571493,1,44.98
4867215343884385131,1482084386,1,231.95
4884017973587973729,1482452889,1,55.97
4884778281436388667,1480363993,1,555.0
4888401942405274345,1484863651,1,74.97
4891719971837029019,1481074468,1,38.98
4893030302006714352,1481589020,1,104.33
4895840976844127163,1480087603,1,262.44
4905173076864671306,1479689900,1,17.99
491193409314675096,1487796092,1,156.7
4923467776356340421,1479034490,1,46.98
4924742829648731109,1482252251,1,29.99
4924742829648731109,1482943339,1,34.99
4925657215471046403,1481847021,1,32.18
4926891053674493225,1482206697,1,27.97
4928511540945195649,1480959408,1,230.37
4930078129398561333,1482357673,1,91.8
493300060667614321,1481843625,1,170.56
4939724029492758194,1479528242,1,209.57
4940725920339673450,1486419162,1,35.99
4942841314277512023,1486654815,1,22.99
4948939246441761416,1487111094,1,32.98
4950411203281265700,1488326462,1,675.6
4951643151731925261,1481695630,1,100.14
4954802620517923618,1480357342,1,37.98
4956502806670434584,1478709285,1,82.99
4961475611241206847,1481920910,1,177.73
4966706943943178506,1484100993,1,19.99
4967676136502125585,1483538959,1,81.99
497209842877259289,1487104585,1,32.99
4973306700711399156,1481139676,1,16.47
4977770037657405515,1478534142,1,28.99
4977770037657405515,1479078263,1,8.5
4984366501121503466,1478792651,1,539.2
4984366501121503466,1480527609,1,702.0
4984366501121503466,1481165808,2,714.95
4984366501121503466,1481734401,1,61.0
4984366501121503466,1483023887,1,220.65
4984366501121503466,1483653271,1,1637.42
4984366501121503466,1487605589,1,757.96
4984938517097461909,1480909749,1,60.99
4985703629807810187,1485474927,1,33.98
4986425760802371283,1478232750,2,156.53
4988030082667892650,1480720381,1,36.98
498824129707847807,1482606029,1,11.98
4988517937139937145,1487866306,1,145.79
4988517937139937145,1487965821,1,146.31
4989274933392395231,1487773059,1,59.96
4993450863033496114,1485313789,1,30.98
4993519711854402788,1487369367,1,34.59
4995606827430436569,1488143869,1,20.58
4995924842281653133,1486131356,1,128.97
4997974283801871350,1481249095,1,987.3
5003448310208712255,1482037117,1,99.94
500771270741221130,1481728507,1,78.96
5012216957441063220,1482286527,1,50.94
5012787443903024401,1478536562,1,16.99
5016991063952873642,1487249221,1,47.48
5017076577058711324,1483978646,1,338.4
5018753410641859317,1480559262,1,28.98
5019082168107655615,1482808409,1,25.99
5023592935923551604,1480346073,1,80.35
5025697082538917996,1481651918,1,27.99
5028269637803090356,1482532479,1,52.0
5028300438174569492,1487879671,1,48.37
5030772166419361448,1486044731,1,24.48
5037208788065339806,1481587574,2,681.4
5037208788065339806,1484958567,1,22.34
5039735999524157292,1487705690,1,506.75
5040013333654434796,1485200004,1,152.88
5043024428253608330,1482202515,1,33.78
5044031393629737352,1485723777,1,51.89
5056199586558864505,1478135374,1,144.74
5058838630495923334,1481575692,1,32.18
5059670462842291942,1481146187,1,88.46
5065633972911728815,1482259444,1,7.79
5074309045799746366,1486593327,1,100.99
5077243893642022050,1481125791,1,24.99
5077243893642022050,1483672497,1,64.99
5082310728519609149,1481980601,1,52.89
5082310728519609149,1484363272,1,35.46
5084365397599422550,1485113454,1,61.98
5084913179068675208,1479190514,1,62.99
5086041801666974799,1482178467,1,62.78
5086041801666974799,1482509534,1,49.79
5087617268001908286,1478632325,1,611.99
5099121232438244157,1481079693,1,43.99
5100495841451468386,1482204039,1,26.39
5102519341834861025,1484703418,1,112.18
5110128793223386663,1483644184,1,13.98
5110323247811742778,1484120431,1,130.36
5110726428801714241,1485355484,1,15.99
5111739417846462247,1480535769,1,28.38
5112948888194419112,1484793219,1,159.35
5121504961681959274,1480876654,1,21.99
512376512516526849,1484413414,1,14.99
5124393242439975020,1480196037,1,61.98
5125176279953727601,1487810701,1,144.7
5128888224452873031,1478108541,1,331.73
5130291544315310058,1480993444,1,39.98
513403330506317388,1484058394,1,1274.45
5136029543125072381,1482268757,1,142.97
5136575351603788061,1485396658,1,31.47
514366605460721708,1481841909,1,48.77
514478324726152361,1480456502,1,16.78
514517908760071241,1485384182,1,80.95
5146868229604959703,1480016914,1,68.99
5148203255288090886,1485296196,1,19.97
5149388872089992993,1486567782,1,48.18
5149788969578895545,1482890673,1,202.97
5149788969578895545,1488137668,1,147.13
5151881094154298201,1481681322,1,33.98
515195001502319520,1480385724,1,117.47
5159223899895327618,1487814654,1,22.99
516734366347147622,1478384303,1,70.98
5168711164353008425,1478719637,1,20.99
5172416976475241536,1481583424,1,44.17
5174823732437422013,1481770246,1,33.38
5175327826829754798,1479079036,1,56.72
5175920907996496542,1480126717,1,144.7
5179586107192059934,1484342612,1,565.25
5179734692818299400,1478564825,1,22.97
5179914644892736407,1482421450,1,38.98
5181406124249294849,1485623355,1,35.98
5186081045797872289,1482097641,1,26.98
5186802869072248264,1478272441,1,199.58
5188382236273817030,1480529638,1,208.0
5188970266238725427,1479514258,1,18.99
5189398404527635970,1481071062,1,27.19
5189398404527635970,1487285487,1,29.18
5192466598452489380,1484627305,1,113.97
5194385472773193231,1478540248,1,78.76
5205284531932761825,1482023516,1,32.09
5206644155829437888,1485823342,1,59.99
5216258683347805755,1484797317,1,37.97
5216295436197840308,1481999868,1,47.98
5216295436197840308,1482168775,1,46.98
5217184662856598595,1482022439,1,116.17
5222227778576702992,1480812435,1,35.98
522359013237328012,1479391003,1,96.98
522359013237328012,1483450985,1,95.98
5229878976511252968,1480221592,1,78.55
5230800631136876455,1484710181,1,49.95
5231905669936168317,1479881463,1,63.57
5233741676972718010,1479225028,1,157.22
5236254855277222606,1479789304,1,40.16
5237766343939358794,1480879976,1,28.98
5238123324211686136,1478225835,1,19.99
5238919505234478700,1487911487,1,51.54
5241647858965846935,1479068994,1,13.99
5245309370233486788,1481833818,1,63.99
5246355792709327877,1482171343,1,86.95
5246872524436020591,1479770838,1,70.95
5248175492675011686,1488288694,1,110.3
5249500616304412243,1481251623,1,82.9
5250995229512019408,1478879560,1,28.98
5253255590732315114,1479496462,1,32.41
5253470416041507964,1483624657,1,543.8
5257301734697264503,1481249107,1,90.34
5257317776210702713,1478668130,1,24.98
5261961522397535940,1480445274,1,46.79
5263059809967138936,1487693438,1,166.68
5264845021855252769,1487108465,1,40.59
5264936572592547766,1479965062,1,27.99
5267602855246889214,1482523065,1,48.99
5268978296636589518,1479521518,1,73.77
5271119113889748142,1481648082,1,22.59
527903113421923907,1485891169,1,165.68
528231576022767993,1481845871,1,44.77
528231576022767993,1486904563,1,42.56
5284289732058785015,1478492025,1,115.13
52868681653220057,1487247308,1,48.97
5287002371302046755,1480442519,1,33.99
528933380496819911,1483466900,1,28.18
5291604673691887906,1480657743,1,26.99
5302571039827656728,1484065856,1,87.19
5302602900050864654,1479365036,1,43.38
5302602900050864654,1481778335,1,27.19
5308952469141468647,1479775261,1,6.98
5309710556175093157,1484836978,1,80.96
5312255155344085331,1480389253,1,213.7
5313510578745248325,1481647424,1,22.99
531400332110604167,1481747578,1,63.99
531496906783225698,1487026637,1,27.38
5315316047616808913,1481070374,1,25.99
5319251700362675371,1478490476,1,45.98
532016816923357737,1480291520,1,28.98
5322647281273394500,1481830138,1,46.36
5324726013788395323,1487379093,1,42.98
5326771367506211222,1481406127,1,130.45
5331056297862855879,1479569232,1,107.98
5341271361784611942,1487720606,1,1364.51
5341271361784611942,1487785668,1,1455.23
5341271361784611942,1487812528,1,118.92
5343854079752182770,1485806049,1,331.92
5345276565851241365,1481400642,1,87.19
5349155616428631188,1487273493,1,1268.4
5356435119809410470,1478184191,1,25.49
5358177725781959243,1480706314,2,149.38
5358347730935302771,1480745318,1,61.97
5359483083240024322,1481050008,1,32.97
5359997497493583219,1480967177,1,22.59
5363423256210822275,1487603071,1,21.99
5366601655480145417,1478543563,1,240.7
5368975563333608262,1485868344,1,27.97
5369119597016381899,1482178321,1,41.99
5370842366618648178,1481315706,1,59.36
537940071228449977,1482219816,1,123.94
5385185229855474745,1478302963,1,41.99
53866968780969645,1481914028,1,24.99
5389570211397748919,1481341082,1,30.96
5389664508142113724,1479760573,1,18.59
539032312488458869,1486359161,1,43.38
5399436309961622385,1480365245,1,47.97
5409849086815632052,1480441741,1,55.97
5409849086815632052,1481566435,1,20.99
5409985606814283467,1480627176,1,34.5
5410884318948869106,1478894040,1,18.99
5414778440969335716,1483574146,1,113.98
5414778440969335716,1484592272,1,68.99
541723931810773095,1481463210,1,31.39
5421072236704434146,1478822636,1,71.98
5426533618446479401,1484957767,1,37.18
5427815451754504736,1478562519,1,24.38
5427859943259762848,1479836741,1,26.77
5429486512675747179,1481069525,1,171.56
5429715224330423936,1480537409,1,48.77
5430879576678891336,1479318612,1,193.72
5431240026017459443,1481134524,1,66.9
543272304721995322,1481589113,1,10.98
543654610852010937,1481000816,1,53.77
5441087838163342931,1481047297,1,57.74
5449143729652556849,1483167633,1,25.59
5450212768993016861,1483752676,1,98.57
5450370391820188732,1487054898,1,28.98
5450844266039297896,1479234814,1,58.37
545302570079415113,1484271231,1,89.99
5454295090102918326,1480190030,1,23.99
5456592734532030332,1485834058,1,23.98
5465363328893733529,1487118943,1,38.59
5467849241888825970,1484085798,1,71.97
5477663559280891818,1482435133,1,15.18
5477992954801999098,1480379044,1,56.99
5477995204043660887,1486901805,1,32.39
5479337178249732915,1485750835,1,26.99
5480097913363459675,1478814530,1,281.75
5480128586099490735,1485922833,1,63.99
5480664730921696819,1486754061,1,628.0
5482268323591147486,1487085690,1,29.98
5483011806347502134,1484857128,1,31.38
5486423312788260329,1478101640,1,154.89
5487175269492729703,1481374553,1,40.9
5488842804207914661,1478835988,1,33.19
5492367789301420845,1478195844,1,67.99
5494046638667244775,1479229883,2,259.62
5505580572887892960,1481420036,1,221.94
5506432627540376379,1483764172,1,31.9
5507236446971002525,1478105223,1,44.77
5510313651975953337,1478566692,1,158.96
5510335064677870473,1482097177,1,51.96
5513418547926815153,1486348768,1,63.97
5517310575892278995,1478633975,1,663.6
5519565952610799337,1481726430,1,85.39
5520761942554213462,1481395998,1,205.59
5520761942554213462,1482161690,1,207.59
5530375638871034769,1483708557,1,143.98
5531467304590272597,1479314878,1,76.37
5531566199556647886,1481699553,2,289.75
5535005184327242090,1481634145,1,42.97
553904149065456549,1484309224,1,171.97
5540414739780174811,1479785848,1,202.51
5540414739780174811,1479859980,1,198.51
5541311886379272019,1484254964,1,228.85
5541640831411954613,1479415892,1,37.18
5541886923093040975,1482137111,1,9.4
5543720275163396146,1487126965,1,161.4
5543720275163396146,1487279645,1,13.9
5544703101015232605,1481828777,1,293.07
5546357899055367102,1481575982,1,267.78
5546743631344765720,1486535745,1,46.98
554728164623826608,1484102578,1,24.99
5549135228417306285,1486755607,1,38.94
555059843722195488,1480535222,1,18.99
55571790399340202,1479147517,1,76.44
5557717188766173327,1485937316,1,26.99
5561134301954215785,1484696889,1,22.99
5563123334052007578,1481122035,1,24.99
5565360856362837740,1481050083,1,22.59
5571134167525612078,1481083133,1,138.0
5573862232372120211,1481321041,1,23.73
5575936581064854068,1481764999,1,35.48
5576035049116841174,1480890251,1,67.96
5579426587709014317,1480964313,1,27.99
5581127856210744307,1488224713,1,57.96
5581714403663520162,1486432892,1,58.97
5590743844926892757,1481164511,1,286.81
5590743844926892757,1482162240,1,2545.48
5590743844926892757,1484186324,1,231.93
5590743844926892757,1485799306,1,263.88
5590886832095311283,1486496695,1,87.96
5592426380056165387,1484602901,1,25.18
5599295096941402799,1479436012,1,43.18
5599295096941402799,1480087725,1,63.78
5604492161936602744,1481317525,1,172.73
5608024897662602499,1478614164,1,206.9
5609394618521393122,1485798388,1,76.8
5609577776870095596,1485914727,1,77.98
5612267454123483298,1487464475,1,24.17
5614442776922836498,1479604976,1,129.94
5614576136244185629,1478281811,1,27.38
5615160633552523867,1480523528,1,35.39
5617359298212558495,1482017793,1,55.17
5617770153245303309,1479910891,2,2657.0
5618988196982024867,1486597885,1,30.58
5620325243593329832,1481081528,1,54.37
5621966103011693855,1487514219,1,67.96
5623116547642226257,1487364940,1,38.39
562325699784469979,1480522186,1,64.1
5623565277433732918,1486754458,1,8.99
5623565664347898852,1479317194,1,45.57
5626321780782440576,1480470878,1,28.98
5626842040347507699,1481342995,1,44.18
5627918840858473196,1481485052,1,105.98
564132620307271174,1480211400,1,47.97
5642185407180731609,1486652356,1,83.96
5642313646372078492,1480550447,1,24.99
5643846137033139935,1479955667,1,20.59
565056780083615308,1485347524,1,18.99
566055411938639598,1485974761,1,613.92
56623046680377668,1480371567,1,21.99
566269193391274218,1481505731,1,34.37
5668178612875177836,1480609546,1,89.74
5675405939347398013,1480997057,1,67.46
5676082759933855765,1480398446,1,111.95
5677740195938501149,1480975357,1,65.99
5684662466118174042,1487107691,1,54.58
5686997736111090309,1487370281,1,40.59
5687667730920600613,1486690942,1,14.99
5687848862260392694,1481605705,1,36.21
5688849744235446525,1481646438,1,112.94
569356915734606916,1480479824,2,550.0
5701006754406166040,1483351395,1,42.98
5701217119203777445,1482252306,1,16.98
5701386629196414952,1480101584,1,124.38
5703962423814396269,1481144283,1,46.49
5704821890864354463,1481311058,1,62.99
5712068909667694564,1481036326,1,93.88
5712957387241378835,1487801806,1,25.99
5715888696810396175,1480557934,1,21.19
5716546627685384562,1485720807,1,88.99
5716994513150474293,1481684687,1,15.99
5719637398048239955,1486405337,1,97.58
5726599650920385444,1486398057,1,26.98
5739969347457225877,1486410371,1,109.65
574149303737191374,1480395341,1,83.38
5742668181891576634,1480434809,1,131.93
5743796585353969433,1482508773,1,31.39
574546672447624856,1486492036,1,102.99
5745951615657904968,1480608335,1,36.98
5747990905511584859,1481314102,1,84.14
5749321926429914801,1481689789,2,110.75
575143870190264156,1482608236,1,107.0
575603546892390824,1487301728,1,61.99
5766280637423737637,1484250107,1,19.99
5767255881668877462,1478533513,1,81.97
5767255881668877462,1482075542,1,125.98
5767625286070900828,1482476251,1,32.57
5768596721940711560,1479397642,1,46.79
577572983337426313,1479515572,1,287.82
577700480509527611,1487540732,1,39.95
5779647444057786360,1485373505,1,51.37
5783843869687303136,1481939033,1,36.98
5787719394143012193,1487203373,1,38.58
5789628268074280391,1482525013,1,51.79
5792950527523164099,1479432466,1,151.98
5793274854456231464,1482192429,1,159.7
5793274854456231464,1482196315,1,40.17
5793548802534178170,1479165686,1,68.99
5810160543155445886,1478626315,1,232.6
5810770256591004737,1483047881,1,198.87
5810770256591004737,1486057956,1,209.89
5810770256591004737,1487035764,1,262.77
5811515226534313470,1484406696,1,98.97
5814980334876441459,1480392461,1,21.99
5816018559064540800,1486075473,1,180.88
5817093760700950261,1480401087,1,67.95
5818907015155531907,1485363477,1,85.8
5818907015155531907,1485398248,1,102.8
5821918724383894548,1481841502,1,32.99
5822507933950727882,1481582251,1,20.99
5824723295057782001,1487813053,1,32.99
5824752657064007400,1479427699,1,32.99
5825968802963452704,1487894203,1,24.99
5826737021779185298,1486761497,1,26.99
5828638042083405599,1486163196,1,69.95
5835418306887672621,1487261706,1,27.49
584233587428145418,1487371548,1,35.59
5843493310673425771,1482689467,1,33.18
5843958474903500870,1485478912,1,12.98
5845196577057429704,1480884814,1,20.99
5845571367223986195,1478105553,1,14.99
5847358167202480960,1480608232,1,276.6
5847645820531531550,1484407885,1,27.98
5849605114063721610,1481313347,1,51.8
5850295749820717320,1482265375,1,139.35
5855788158613478931,1481751707,1,104.77
5857188717292018913,1484958180,1,81.99
5864276802180116505,1487107602,1,41.59
5867199929818257756,1481052301,1,88.34
5869870458569209553,1480619584,1,18.99
5876745703341154088,1488213524,1,22.99
5877921283678056526,1483653785,1,21.59
5878115499430708439,1479374886,1,32.98
5879189305349392222,1480792295,1,16.19
5881420815591584294,1480977646,1,538.48
5881534994111255224,1487021037,1,26.99
5887849058822875277,1478140128,1,16.19
5888716568893996188,1485374097,1,51.79
5889911900700312712,1478193659,1,1181.79
589243891238071459,1484021765,1,47.48
590094729131157044,1481510316,1,43.99
5901766721898280376,1481304109,1,26.98
5901801479470276689,1480446844,1,33.98
5906185555476302609,1482102408,2,154.04
591513434559245487,1478796600,1,20.99
5915583521852915302,1485898588,1,9.98
5918411190204797913,1481553639,1,48.79
5919562379041618004,1482033113,1,29.98
5920338215143617287,1485361941,1,203.8
5921438305564932958,1481638377,1,67.36
5921955043410577506,1481679661,1,44.76
5929579070736526964,1482595840,1,88.94
5930716560276392518,1484722538,1,18.99
594022882962204579,1485128773,1,61.97
594032029140324639,1480206602,1,78.99
594032029140324639,1482841718,1,27.37
594032029140324639,1483198871,1,36.57
5944044194057529877,1481653259,1,65.38
5944473218831449800,1484518851,1,18.94
5945295413021078012,1486954562,1,37.78
5948399215486527929,1481754440,1,62.97
5949169854058758957,1484019497,1,275.42
5950059119124275683,1484333470,1,87.99
5953034565631333907,1479713598,1,28.97
5953491515740495847,1481861233,1,19.98
5958728222060412682,1482073314,2,119.71
5964418919606294332,1487469656,1,82.54
5969031097251772016,1486653160,1,54.16
5969191050952048751,1485716830,1,94.2
5972468163034098276,1478565896,1,70.38
5982288201667188670,1480957832,1,143.93
5982288201667188670,1481384151,1,16.59
5990197890122139717,1480615365,1,36.99
6005846941999724552,1483951382,1,40.18
6007068566943538173,1483647212,1,45.17
6007444138968758475,1487881797,1,36.98
6007466842428480250,1481503389,1,30.98
6008436631932409360,1487108518,1,43.99
6008504658996410850,1478550655,1,53.79
6010250598436085923,1478263475,1,806.82
6010250598436085923,1481551838,1,829.35
6010250598436085923,1484752541,1,575.26
6010250598436085923,1487214651,1,600.04
601115360451826853,1481971589,1,56.96
6014637285460170276,1487538762,1,74.77
6016169532034396504,1481496826,1,117.12
6016345222703711048,1487354901,1,51.56
6019250371266018311,1480973991,1,34.38
6022725401734649731,1485389814,1,136.96
6024281356210968714,1480028880,1,43.59
6030141817614722657,1488041566,1,15.0
6030957980134486247,1479533613,1,53.97
6033687710864775123,1481574909,1,32.18
6036371568698072634,1488090289,1,27.99
6042383150524309818,1480108236,1,9.59
6042992012557557168,1486561437,1,21.99
6043590789804259117,1486923271,1,19.59
6051565234057723830,1485971919,1,64.99
6053028616737271033,1481690853,1,141.32
605582860135446327,1487822116,1,24.19
6056481761819241487,1485192844,1,23.19
6059228055495391322,1479848080,1,127.18
6061471079783335159,1481248931,1,85.99
6064571221213436391,1481558281,1,199.88
6068549707669437692,1479406314,1,53.46
6068598620766435054,1479698632,1,65.77
60709694942461401,1478994302,1,97.55
6077626541330989540,1480087626,1,28.55
6079111180589876762,1480701147,1,261.93
6079111180589876762,1480706005,2,151.97
6080228231224064778,1481089987,1,59.75
60802643524541285,1481487601,1,17.99
6080515140552290327,1483650733,1,25.99
6086392386521152841,1481315088,1,81.97
6087342617338245848,1482634297,1,25.45
6099463332301781487,1481825987,1,38.39
6100219091617645291,1481250945,1,39.38
6101457108292619751,1478033699,1,26.58
6103744486531866196,1480948514,1,21.19
6103994353866186506,1483922671,1,22.99
6105491009859424939,1481582231,1,43.98
6110976865163605905,1485796019,1,349.43
611184075850086902,1480005380,1,94.16
611556253076247456,1486715541,1,149.29
6116451045080877616,1481325635,1,128.97
6118933348572020566,1478027382,1,235.25
6118933348572020566,1479309700,1,63.36
6127717104427531488,1481119193,1,25.99
6129059309050021920,1483325774,1,27.98
6136082397319101415,1484964400,1,43.59
614194214723197176,1479110873,1,146.95
6142588634593975998,1481750566,1,57.17
6145717965471437632,1479361097,1,52.97
6147396474895233852,1478828934,1,174.9
6147396474895233852,1479137433,1,813.36
6147396474895233852,1481050924,1,770.7
6147396474895233852,1485879620,1,900.62
6148711186133871559,1479783290,1,24.99
6165745649694489775,1483310116,1,433.07
6165745649694489775,1485194137,1,179.6
6168219447090843569,1481866810,1,43.37
6168468198967794640,1481877097,1,106.73
6176979987115887287,1478024448,1,11.19
6179415313155508546,1480520594,2,161.51
6179415313155508546,1483463137,1,22.59
6179482538611999195,1481237955,1,24.99
6188862872478223298,1480868766,1,28.99
61892085087294527,1485884382,1,31.99
6190665694440692761,1481859563,1,42.99
6198269530748674779,1480123368,1,52.97
6198640626088260901,1481479046,1,38.98
6200432860904233045,1480715172,1,185.12
6213994431207095726,1483471291,1,671.8
6214016505412778340,1481070372,1,51.79
6214016505412778340,1484766510,1,46.79
6214611984259283021,1483643204,1,145.91
6214747534469142657,1483459696,1,61.99
6218917791895202821,1481316179,2,214.12
6218917791895202821,1487016811,1,48.79
6224639817725111721,1482034547,1,37.98
6229372461405540359,1481035910,1,44.98
6229870571121837755,1480017694,1,116.17
6230711992146331742,1481510155,3,47.57
6237874653844289432,1481937262,1,35.78
6238289068064224193,1488309438,1,59.0
624114855878604514,1481562419,1,115.98
6241521427679714135,1487885865,1,24.87
6241521427679714135,1488305499,1,55.83
6249004626269199450,1481176056,1,198.42
6250022739137848428,1481160433,1,73.94
6258496391273943408,1484192802,1,53.79
626672651895030919,1479170666,1,66.47
626672651895030919,1481580723,1,588.87
62722204677243801,1485456962,1,31.39
6273454334466338652,1484346211,1,31.99
6275380876231092642,1488309003,1,31.97
6277534179248390932,1479583516,1,21.99
6283772271551550075,1483056196,1,96.99
6288725097585538705,1483984289,1,238.03
6291608660137539472,1482169053,1,15.39
6292071509874937149,1482172462,1,165.38
6295374321665161260,1479826220,1,35.99
6296278045589071160,1481927189,1,32.78
6297315177129333197,1481549863,1,35.98
6299562525821185626,1481681160,1,55.99
6302682303595359553,1481576826,1,19.99
6306585286926302399,1480491475,1,25.96
6311424614094967654,1483909843,1,16.98
6318304675637687761,1481219878,1,245.08
6321103113579236784,1480563831,1,47.79
6321703139771704283,1486506381,1,21.98
6324348497900492040,1482173143,1,39.96
6326579350877909587,1482202542,1,234.94
6326829918051380975,1481662348,1,26.99
6328683659978393200,1481903872,1,93.97
6330082810003106267,1485210885,1,69.91
6330082810003106267,1488239940,1,25.48
6331108098497207662,1478280795,1,57.38
6331108098497207662,1485711548,1,55.99
6331750669650879322,1479394091,1,17.19
633420224856417225,1480828188,1,25.99
6340734756756019122,1481820181,1,31.38
6343638699706107057,1486656852,1,49.98
6345608688944426965,1480290497,1,33.98
6347736525399420278,1483662404,1,49.79
6350637494394255961,1478823667,1,147.92
6353231226148856209,1481988791,1,45.96
6356814303168580391,1486667069,1,62.99
6357668740640764097,1478289808,1,17.99
6358287541607688443,1481298804,1,55.29
6360297512415625815,1487092108,1,63.97
636165671438716582,1481904857,1,58.37
6364019453242350081,1480355319,1,67.47
6366599753024688365,1481944300,1,57.99
6366738125554594213,1482283372,1,14.2
6366738125554594213,1486603049,1,68.9
6366738125554594213,1487977162,1,21.19
6368397027577804857,1480699794,1,188.95
636983386776288406,1478553892,1,58.98
636983386776288406,1479833283,1,79.97
636983386776288406,1480995135,1,181.96
6370686241050647967,1480313427,1,35.98
6371969436359305820,1480912853,1,74.55
6373560301419479159,1479945722,1,60.37
6379051489407304771,1484010104,1,26.98
6379920233928997690,1482208972,1,50.43
6381379755303153849,1484008342,1,36.98
6388824250276633832,1485474460,1,60.57
638910012539429673,1481507756,1,68.99
638910012539429673,1482957921,1,61.99
6391006534663669857,1480613779,1,11.39
6392933882994138879,1481252185,1,61.99
6396549139085874526,1481820777,1,308.54
6402267118449500708,1481602551,1,121.98
6406314348223569290,1480456133,1,22.99
640698688315594544,1478437471,1,131.98
6415113611963925053,1485896708,1,11.97
6417028332559300792,1485547951,1,33.98
6419238664399930209,1488302297,1,25.99
6423525167201014646,1487723108,1,66.99
6431612783925997248,1480974918,1,25.99
6432276692657258286,1486481897,1,197.84
6447811235248365489,1482509453,1,11.9
6448992994015431295,1481837109,1,34.39
6448992994015431295,1482270341,1,48.79
6448992994015431295,1482355204,1,26.17
6450328915033226096,1483467949,3,248.46
6450911729940987017,1478731958,1,19.99
645131442954167518,1479747064,1,42.77
6453950151397418687,1480953183,1,83.17
6453984951886442160,1487711032,1,28.18
6458843567319176557,1481608062,1,82.98
6462196953273318864,1484620371,1,94.9
646337888671074736,1481289198,1,82.96
6466445486619363515,1478623610,1,64.99
6468324397294207967,1486615488,1,23.99
6470814882136589176,1487364628,1,22.99
647109355709882719,1481933457,1,15.99
6475106523537460964,1479136410,1,31.38
647846008417877869,1481949177,1,130.7
6479795425232637804,1480571467,1,17.99
6481113263464531302,1481646098,1,133.96
6482578323423752011,1479237701,1,729.2
6484779449302553395,1481047420,1,77.99
648777904915125343,1485300239,1,123.91
6489080031985110076,1481079746,1,26.98
649093489751982679,1483645909,1,129.94
6491540923098115435,1480817098,1,84.98
6495428628706870090,1486749987,1,620.7
6499749315992064304,1481723414,1,1563.18
6505695980027180429,1483647945,1,36.17
650592587910089346,1479230103,1,19.99
6507463560361845015,1481745962,1,64.29
6514103813474537949,1485906172,1,64.78
651435875392157361,1480682514,1,12.39
651435875392157361,1482180534,1,51.57
6515057374372191963,1482139126,1,81.96
6516417691965742521,1486699736,1,46.18
6525565523346061607,1485912456,1,21.58
6526021164670173680,1485832264,1,70.93
652634152265730494,1481161874,1,173.97
6528190156383151299,1481375422,1,22.99
6530155408321990119,1481785961,1,53.79
6537661830221758612,1480885625,1,27.19
6539054271579803553,1481309624,1,72.76
6539518527897980356,1484000332,1,20.99
6546307978179496414,1487356112,1,87.86
6548626246130862757,1478982439,1,77.57
6548964457968888412,1478286331,1,104.53
6553890260973501420,1479176835,1,68.56
6558070663026702303,1483480109,1,25.98
6558432004095303802,1486067423,1,30.18
6561435115855604355,1481066049,1,29.97
6564152786656423279,1487343456,1,45.98
6564820894573937867,1482358079,1,25.58
656638853052117115,1480425161,1,24.97
6569964390858147530,1485909879,1,503.9
6572163684881501472,1482513364,1,28.38
6572523505337160165,1478366353,1,22.59
6572523505337160165,1480011475,1,160.98
6575507973076035820,1485737683,1,8.49
6576129990528649726,1487834236,1,55.97
6578016208706520145,1485403264,1,10.98
6579892662403001804,1482176342,1,79.98
6587536713587064638,1482029211,1,88.77
6587536713587064638,1482452213,1,82.19
6587875124073983247,1485366233,1,24.99
6592789576297039396,1481919089,1,98.93
6593140710602470169,1480613163,1,47.98
6594015384875997141,1487013126,1,124.56
6597110312639955010,1480352622,1,106.99
6600298028142783837,1481661226,1,23.99
6601465806471349240,1481230895,1,28.99
6614589906823585713,1481502458,1,191.77
6614746514617472151,1479050072,1,45.98
661947368755840479,1485458220,1,245.79
6620224985350113488,1485188835,1,34.98
6627479815076599911,1487510406,1,107.0
6635291657972521810,1482860252,1,359.16
6638757715697326047,1480951264,1,41.57
6639228698247175912,1480000983,1,71.74
6641857110835940627,1483144929,1,83.99
6643309753401682133,1487194423,1,50.78
6645585126548219573,1484791493,1,80.99
664885127935747173,1486724882,1,62.97
66547844041573580,1484218900,1,20.46
6655413249295865439,1480985322,1,17.59
666077603822154553,1481128919,1,111.57
666077603822154553,1482945142,1,20.59
6667812222576375440,1481567672,1,106.94
6676417252598129629,1485529230,1,206.15
6680051680711620547,1482184258,2,162.3
668412102235086407,1481176892,1,34.98
6691771095027731329,1482465728,1,45.57
6696207158105789561,1481912203,1,54.9
6701329268278625221,1483978416,1,45.16
6702410231065530921,1485015763,1,61.98
6704302181752646951,1479043163,2,150.05
6707245033176905933,1479860562,1,163.98
6709889310139115020,1478654308,1,6.97
671417952592573132,1484763664,1,113.94
67144867645757015,1482457052,1,13.99
6715636871396897050,1482005249,1,45.79
6716928511410179095,1482174024,1,22.59
6716928511410179095,1484722235,1,16.59
6721464699754089230,1478325629,1,26.99
6722042716459387883,1478550574,1,47.97
6726207842188370716,1483681849,1,128.56
6726478899201625475,1481472607,5,145.7
6726478899201625475,1483541553,1,28.18
6731593907536054375,1479751674,1,45.79
6736342148988696892,1487567179,7,951.7
6736550303451079628,1478449738,1,44.98
6750525537628913149,1480365229,1,81.98
6755488962103472751,1486744677,1,82.19
6758967380059816274,1486995014,1,76.97
6759210140407313473,1484926947,1,33.99
6760732402251466726,1478620426,1,53.36
6760732402251466726,1479317245,6,1114.8
6760732402251466726,1479397718,5,616.5
6760732402251466726,1479492062,1,643.5
6760846348578778765,1485280455,1,19.99
676268909460399442,1478730833,1,32.39
6772419843051184934,1487060511,1,104.6
6773163572466277381,1479182328,1,27.99
6773504129316656025,1484687617,1,168.7
6777096292963112230,1486669027,1,487.58
6777096292963112230,1487571884,1,276.48
6777137724610600801,1481606617,1,29.98
6781934558737955524,1478874039,1,76.56
6782547242974334702,1487871565,1,50.86
6786029887137297772,1487370764,1,86.99
6792032727178228496,1478012402,1,68.96
6793059858875608655,1487186336,1,96.58
6794112710771177678,1481243203,1,40.97
679645045413988495,1482258176,1,47.79
6797327850087338835,1480618890,1,35.54
6805387544309582877,1481845219,1,4013.08
6821649352225770256,1483462079,1,52.75
6824514473807635978,1485897475,1,80.96
6824817810193692937,1483031518,1,23.99
6833770537272775789,1480608870,1,24.99
6836107306781208493,1483737767,1,34.96
6837769704437235425,1480620582,1,124.76
6841461972455474576,1485892514,1,60.0
6842524797824315132,1479317960,1,32.99
6843021103780631500,1480560169,1,54.98
6843737679875735650,1484193628,1,29.98
68437640696494161,1481737315,5,730.65
6844624827081744430,1478554819,1,34.99
6846461498019259456,1482026413,1,60.7
6846751553116402578,1479538074,1,28.99
6849604863010168468,1483566314,1,336.26
6855059626391376341,1484253715,1,88.17
6855973837181242337,1485751300,1,148.77
6857044423045484850,1480442455,1,37.18
6857552977266709862,1488304866,1,85.27
6858581199056101379,1488135050,1,104.25
6858857361782315379,1486417348,1,57.99
685977378128136688,1479690770,1,37.96
6861503307168230520,1478906412,2,101.99
6862738062437634632,1482873220,1,74.58
6871033222959309564,1481650109,1,113.98
6875432376489429220,1480018309,1,15.97
6877000758509218039,1481349453,1,44.97
6877088021237631458,1487866464,1,143.72
6886324911902005086,1482087671,1,130.37
6886733039051258034,1481355498,1,66.95
6887689755860406789,1488308195,1,123.99
6890419448387689000,1482362203,1,82.95
6890419448387689000,1487035731,1,38.58
6894849374667482787,1480980141,1,190.98
6895246311530693138,1481571008,1,101.93
6897167392084877746,1485383389,1,60.99
689752308200679975,1486182517,1,22.99
6898863270294328062,1480734910,1,17.96
6903095151297107595,1480612597,1,859.85
6908387488019906910,1483559226,1,49.11
6909642805353116140,1479872968,1,24.47
6912883439266311760,1482020723,1,59.98
6913633170731491634,1480959679,2,1940.13
6914629838067650341,1486849355,1,60.99
6924624858911861429,1481506874,1,25.99
6926784689598695134,1487370622,1,171.95
6926912273313312650,1478216221,1,75.99
6926912273313312650,1479156168,1,104.8
6927502833342765895,1481575524,1,59.98
6928599419401836682,1482354815,1,120.97
6931833927582821050,1487626683,2,47.56
6937346356975090905,1480384042,1,43.98
6944407004438928008,1478672315,1,185.7
6944407004438928008,1478704136,1,49.88
6944407004438928008,1480935985,1,37.58
6946322182542883504,1486738299,1,30.99
6954387213546558639,1486153141,1,28.19
6956884428765583506,1482951619,1,11.5
6957143257664287020,1481576503,1,43.97
6958136256460936943,1484864697,1,257.65
6961799001356572228,1485024534,1,88.99
6962915449516970048,1481146123,1,57.99
6963887866811727980,1481304773,1,40.73
6965114057791256341,1481646371,1,71.25
6966023444510052421,1481314077,1,64.99
6966256087320527646,1487038346,1,917.5
6969285856438247424,1480558847,1,35.88
6976057682793576646,1483241037,1,279.88
6976087133861419230,1486322641,1,63.99
6983400713632965044,1487714240,1,154.9
6983412535696393860,1487029205,1,16.59
6984780518734174118,1482865584,1,16.99
6985203880569403646,1482000084,1,41.98
698616970895406010,1485541065,1,46.79
6986536761307654836,1485834064,1,258.24
6988456629622921225,1481925863,1,18.99
6990629568536689161,1482729424,1,179.91
6997840417339284915,1487271998,1,28.99
7000425720623417338,1482369347,1,158.98
7001424081538361044,1485377315,1,414.49
700225401855286769,1485443740,1,184.16
7003898420257026546,1480962318,1,20.19
7006877722523825276,1488220029,1,16.58
700797453714688888,1481407916,2,122.98
7015697575025933677,1481079337,1,121.98
7015807370739833242,1487829588,1,16.59
7024229681211664053,1488290545,1,26.19
7035655888631728269,1483918447,1,66.56
7041939324822632725,1486375830,1,164.98
7048178855517326129,1480090647,1,24.99
706268966537024256,1480189680,1,35.95
7065662789249975422,1485730053,1,85.96
7066946419396410808,1480698423,1,539.8
7066946419396410808,1481144209,1,263.6
707174453609697560,1480815667,1,67.99
7071796515432628889,1481317989,1,18.99
7072012010426211154,1478009954,1,25.99
7077546092404787998,1485728697,1,105.97
7077546092404787998,1487264656,1,103.9
7079315843944655334,1486374580,1,31.99
7085536598312331292,1480710430,1,42.47
7088670546795941056,1478290763,1,41.38
708898149037036750,1488325604,1,26.99
7089498775181839224,1487213309,1,23.19
7091796288058306768,1485541395,1,44.18
7093434431157111373,1481257473,1,271.92
7112946707690589198,1484668811,1,59.34
7117209037706583763,1485564412,1,1535.41
7118031954619805826,1485825117,1,25.99
7118884909011666803,1478626760,1,91.95
7121475808884851135,1481651979,1,15.59
7127403930925257863,1486589843,1,57.37
7131006808160305551,1479340864,1,179.63
7132015811944987714,1487094761,1,214.42
7133939846118520732,1479312984,1,25.99
7135501439884721807,1481848874,1,21.59
7138325410902068496,1479436703,1,19.59
7139467536826793752,1487362730,1,165.55
7141351826392674237,1481040015,2,539.1
7148144150778064807,1481574622,1,61.76
7148873648621416097,1479098028,1,26.38
7149538216925151697,1479487289,2,366.0
7149538216925151697,1479745831,2,88.95
7168226225550508027,1485452166,1,602.91
7183073463207684020,1480702737,1,67.98
7183850423980283722,1481145904,1,68.58
7190366246319919792,1481307617,1,59.97
7199611745811583535,1483554305,1,467.6
7203916420192282208,1481390301,1,23.99
7211816795921364108,1481602503,1,77.76
7218697724746319622,1479415583,1,85.57
7222134693316285514,1481178018,1,56.98
7224140740863178929,1478132460,1,53.77
722529201110417278,1482175821,1,24.99
7230430554273149935,1487450421,1,13.99
7231437685885066535,1481762108,1,116.96
7231437685885066535,1487107733,1,73.18
7232250219554218806,1481160278,1,59.38
7238833623425944565,1478286092,1,31.99
7242769996237605248,1479336420,1,5.99
7243174500774931832,1483317147,1,30.98
7245767536802426368,1485181174,1,2.99
7247995041552365194,1480557257,1,88.82
7249775005981823793,1485073840,1,26.99
7251826796213283354,1482363715,1,27.56
7254480785524182260,1480358079,1,96.38
7254480785524182260,1484760650,1,171.84
7256432076983849562,1478590990,1,437.91
7261302704200810675,1487644175,1,978.59
7263427657913895507,1484861545,1,159.97
7266506425665550772,1483985944,1,1310.59
7266739596439998508,1486680347,1,120.81
7266739596439998508,1487725158,1,148.0
7270080953464199743,1485552658,1,104.99
7278514590734130730,1487341741,1,100.67
7281719665961519039,1481877720,1,88.99
7282705298132684237,1487463809,1,53.11
7284466025557220497,1478027982,1,942.63
7284466025557220497,1483670493,1,1430.55
7284466025557220497,1487630048,1,1506.2
7284829827483975901,1487369210,1,41.59
728804413269267006,1482721907,1,20.99
7288884165054757545,1479144911,1,192.98
7292686000022233408,1486827374,1,258.9
7292983953762980102,1485184673,1,390.7
7292983953762980102,1485893759,1,562.0
7298336494740484350,1483765055,1,37.16
730475210878766422,1481602424,1,82.98
7309503915118946070,1482705255,1,61.97
7311242886083854158,1478821042,1,91.95
7311242886083854158,1479432399,1,722.93
7311242886083854158,1481924344,1,659.74
7311242886083854158,1483729063,1,339.0
7311242886083854158,1484605745,1,925.16
7311242886083854158,1487210512,1,511.62
7312392177689574015,1480690603,1,118.97
7313318075791277817,1481712377,1,39.76
731463778070039206,1486421201,1,35.18
7323947562520019941,1487184036,1,27.97
7327561747023669346,1480075800,1,288.95
7328155589685273432,1482190475,1,39.99
7338051264625149881,1486651923,1,28.48
7344052172589114599,1481325142,1,63.99
7345128727363764298,1487370461,1,70.18
7346307461579354249,1482189655,1,62.16
734695769767612161,1480983627,1,44.59
7350793045976348171,1480611983,1,184.76
7353302216427585997,1485229585,1,19.99
7355682969727116264,1486348912,1,5.5
7358793687985723141,1484159622,1,56.01
7360418616242621195,1482252245,1,38.97
7365317501077088080,1486147875,1,86.56
7370090587515633465,1479844092,1,427.4
7376293826718831934,1484108863,1,32.9
7376304169676630885,1485279054,1,13.19
7378987659821753405,1481571653,1,17.59
738451259641127092,1485213821,1,37.78
7385533995680230366,1483492055,1,23.99
7387561254921039539,1485284049,1,71.99
738777585657711314,1482272043,1,86.13
7391031890337172782,1478193331,1,29.18
7391031890337172782,1480286450,1,18.97
7391294210996781396,1479702127,1,44.75
7394010699967893588,1485208911,1,425.85
7394734384320759438,1481223329,1,49.95
7396384706323570886,1484770141,1,215.94
740013212735960815,1481319664,1,124.88
7400153334064056683,1483215266,1,66.98
7400732262558954737,1480900734,1,48.46
7403668294153816592,1481051157,1,16.99
7405413901359579297,1487108027,1,74.18
7405413901359579297,1487190303,1,36.59
7405717600950397747,1485831616,1,27.99
7406415657806773244,1481213232,1,22.97
7406663400303851481,1481026711,1,51.98
7409109542465794166,1487882624,1,49.91
7410648917338692919,1482160492,1,23.99
7412139697907599868,1487701176,1,34.39
7419167186572756753,1484243845,1,111.52
7420043202908382961,1487283108,1,20.99
7422291256198709098,1486679255,1,45.77
7424654781881934440,1483274750,1,4.99
7427669167259347728,1478790824,1,19.99
7435052038545127483,1478131886,1,347.61
7435052038545127483,1484689887,1,281.37
7435052038545127483,1484794049,1,294.37
7436604361557442905,1481235017,2,705.78
7438635676004197181,1482124296,1,11.98
7441657642188873185,1478056408,1,45.79
7444317848220127323,1481664296,1,8.0
7450862049722666646,1481393164,1,42.98
7452591958167406113,1485829428,1,12.96
7453027015100594343,1487180004,1,37.59
7456688096098328743,1478057843,1,25.99
7463172420271311409,1478117894,1,1129.06
7463172420271311409,1480968809,1,1133.63
7463172420271311409,1487119304,1,1104.58
7465611519094858811,1478628334,2,50.37
746975101244077459,1482474929,1,25.98
7470318193219952463,1479259793,1,67.36
7474545646288919609,1485314520,1,15.99
7477146057219663265,1481378887,1,256.91
747719955276069654,1479162364,1,50.59
7477203212403257765,1484856263,1,10.98
7478762926279679155,1479999466,1,355.92
7487628839720019888,1487786981,1,19.99
7488710348710523001,1485480993,1,70.7
7495731308701213207,1488177360,1,38.91
7496147812697146114,1481592907,1,7003.5
7501496730606583691,1481151598,1,72.95
7515865863351246169,1478394744,1,11.39
7517997316226476864,1481001685,1,63.16
7517997316226476864,1481521825,1,52.79
7517997316226476864,1483422961,1,46.79
7518393139882907658,1480704929,1,19.39
7522022248849575139,1480706270,1,39.17
7522241323789304840,1483047406,1,37.76
7527510721694637931,1480992791,1,196.83
7534668743180719090,1487120090,1,144.94
7541337318748467634,1480389858,1,125.99
754193085382700442,1481564103,1,80.98
7544229451088045395,1480788597,1,19.98
7547767069516152606,1480972939,1,66.78
7549308697995967647,1482786064,1,119.17
7552589182628406304,1487817296,1,128.99
7554501152738675328,1479826771,1,58.99
7563368779850101640,1481399628,1,57.38
7563655790456641337,1482347654,1,57.55
7565764107128651335,1483657525,1,22.98
7567999450740996169,1481209213,1,202.88
7572337128017560741,1482797178,1,21.99
7574410263456433105,1488320280,1,323.0
7584227374144950004,1480720803,1,85.91
7587138749751940102,1481221397,1,31.38
7587148992661482087,1480034530,1,70.37
7587690701654566627,1480461080,1,55.77
7594157089401877562,1485235715,1,20.59
7594157089401877562,1487369608,1,36.59
7594746937801444625,1481050873,1,34.14
7595424386639223686,1482679045,1,66.99
7616789203807782311,1483251091,1,87.98
7619394198510596551,1479489580,2,123.26
7623081080262005718,1479137000,1,52.79
7625863147445975419,1478299737,1,243.1
7625863147445975419,1481044073,1,346.75
7627090613587216352,1486051314,1,155.03
7628048174455037157,1480909515,1,113.91
7632396110260336309,1481915771,1,28.9
7634897085866546110,1483641292,1,32.0
7637175405665019213,1478311213,1,6.49
7637583730181533171,1485205643,1,36.97
7637940533127194777,1481229177,1,116.77
7638200261989402480,1478645488,1,29.19
7638200261989402480,1484849588,1,433.1
7638336411447332495,1481217343,1,296.69
7638336411447332495,1485447665,2,1750.21
7638336411447332495,1485531717,1,219.8
7639125894732167820,1480556680,1,148.18
7641135753970506301,1480179042,1,25.99
7647399051164881931,1484339978,1,95.38
7649024864165957461,1482522482,1,9.5
765320243480910164,1481827454,1,68.96
765320243480910164,1482436872,1,40.94
7657672545443379106,1481929570,1,58.48
7657968382629784039,1480703971,1,93.74
7658004825963957145,1481771544,1,103.71
7661043951104922558,1480998754,1,18.99
7670063553528001131,1486930156,1,43.98
7674192003340295500,1480875975,1,34.98
7674873291467776477,1478547708,1,33.39
7675869407000236910,1487951386,2,709.28
7680759434454622438,1481334736,1,37.0
7681832015202637738,1482160485,1,56.99
7687728141180472347,1478028507,1,60.99
7687734256049052066,1478189904,1,100.95
768998327849146700,1480966493,1,32.39
768998327849146700,1481516913,1,19.37
7695366805532091485,1478274890,1,19.95
7695578750853411684,1486573698,1,488.03
7696973731640073168,1480377740,1,45.98
7696973731640073168,1484349592,1,86.53
7697599973738347494,1488083103,1,10.98
770343271394368802,1486284341,1,21.99
7703634562564929325,1484404138,1,199.93
770591642514840189,1482561773,1,28.99
770809688008689824,1480898918,1,40.77
7708630394810651470,1483377733,1,33.97
771218336324354803,1480347261,1,34.58
77222285299709169,1482801210,1,33.97
7725691113815221366,1483149870,1,39.96
7727862869206137569,1483073380,1,21.46
7733098542015261271,1479616557,1,46.98
7737545548847540539,1480919046,1,68.98
7738303201145232755,1483476503,1,20.39
7741113614366580526,1483035770,1,59.17
7742753003683875687,1483554567,1,81.78
7748710052323833792,1480363310,1,14.98
7750340404205493317,1488351206,1,4.99
7754442050009166377,1481127499,1,36.94
7754915186456273750,1481071199,1,84.94
7756103894574714837,1480563847,1,1302.0
7756103894574714837,1482036130,2,1098.69
7757837653152946419,1480954180,1,17.99
7757837653152946419,1482100160,1,11.99
7758585801799209122,1481035944,1,68.99
7761232105915490480,1483647699,1,23.98
7762808356071305639,1481572629,1,42.98
7764475341358829145,1479395874,1,67.93
7765852872572562365,1479397954,1,26.99
7771656628828873351,1482251436,1,117.78
7772930465282378163,1481600013,1,55.97
7773367694615408886,1480740474,1,35.98
777345811290642740,1481546424,1,37.98
7774093101397937116,1480013804,1,97.95
7787965754580189953,1483029661,1,20.98
7788388085759905895,1483990544,1,243.6
7789668913244553459,1479225576,1,36.98
7790208263336496144,1482179877,1,52.76
7794703468039668930,1480547299,1,37.47
7796097533930625172,1478047480,1,11.99
7796255033922388892,1481654802,1,124.38
779742490071283583,1480104337,1,63.99
7797999885990809909,1480481870,1,17.99
7798456604809994672,1480604411,1,18.19
7801319347320449499,1483034145,1,25.99
7804796494256061450,1484025649,1,27.45
7806543448896890229,1482225243,1,36.99
7807217189456163612,1483464332,1,32.95
7810785569344571093,1480973757,1,30.18
7812169483646384233,1488223503,1,24.97
7813149961404844386,1479408977,2,17.38
7813149961404844386,1479507825,1,60.99
7813149961404844386,1481036817,1,10.99
7813149961404844386,1484075970,1,47.99
7813149961404844386,1484170311,1,65.99
7813149961404844386,1484246986,1,50.79
7813149961404844386,1485535638,1,49.79
7813149961404844386,1486494651,1,39.98
7813149961404844386,1486744738,1,821.28
7813149961404844386,1487009243,1,36.99
7813149961404844386,1488208997,1,11.19
7813149961404844386,1488224523,1,43.99
7818622582367990484,1483968781,1,108.99
7819378251108446311,1482608128,1,13.99
7831153588410737092,1480356470,1,71.96
7834164711977044454,1488220664,1,60.38
7834618145872510794,1481918910,1,23.19
7838650270550176403,1483148696,1,251.0
7838650270550176403,1483154347,1,59.0
7841078781730568178,1486415010,1,59.96
7843562488071473206,1485878506,1,117.8
7844285640302688026,1486419937,1,13.98
7855520906498401439,1486506278,1,118.98
7857037940227176848,1479915109,1,486.55
7857488410437380421,1485575531,1,48.97
7857874876716902829,1482370501,1,156.52
7861268750444370687,1485056607,1,48.56
7866911767663069733,1481312908,1,254.49
7870849325324206691,1486079492,1,25.99
7878988161509239513,1481856259,1,47.98
788289060362109435,1480376963,1,532.89
7886613135451853273,1481255678,1,43.99
7894063271151919255,1478644549,1,56.99
7895169393941050088,1481839485,1,17.99
789905443393425189,1483402011,1,14.18
7904889893242445451,1481244423,1,11.19
7908307514083563203,1488307871,1,124.89
7908882748835077246,1484865190,1,37.18
7908892250153476680,1487725303,1,26.59
791462951878788065,1485465620,1,106.12
791764880277338045,1480988881,1,142.97
7917962954244786091,1481683233,1,19.99
7923717574756069195,1486927866,1,21.99
7930731506451371847,1484782617,1,20.99
7930995706732204088,1481307198,1,78.91
7939213367478794488,1484091697,1,146.99
7939582431160055646,1481550187,1,31.78
7940447523657179296,1481387474,1,57.99
7942035209319092535,1480907746,1,21.99
7949599289543078043,1478142008,1,44.18
7950848969150459416,1480196222,1,56.99
7950848969150459416,1480884349,1,61.99
7952709367999520186,1481233298,1,14.99
7958231810407314761,1482005199,1,126.32
7958734805769918855,1480956647,1,27.0
7959091864119809907,1480342101,1,38.57
7965265156545901045,1480524350,1,4849.6
7966024019355321644,1486513294,1,115.33
7971730380777984264,1481835468,1,77.74
7971854024765192624,1486924643,1,78.92
7974773514952361623,1479297418,1,91.99
7980102376114249169,1480950855,1,3.2
798087643954247685,1478281907,1,81.19
7982627573451336069,1485564810,1,18.99
7983896832980033675,1481249186,1,63.99
7985615137097388464,1486852964,1,33.99
79867210646960655,1484658087,1,46.98
7990135994432965391,1481303384,1,1254.9
7990135994432965391,1482260444,1,1244.05
7992104623025928298,1481851437,1,91.33
8000036903991844307,1479851848,1,167.0
8002426910576120967,1485365822,1,18.99
8004196057645719276,1483477518,1,47.37
8008255526797390672,1478731422,1,62.87
8008641986881155629,1487357370,1,51.79
8010924216301401271,1484025720,1,96.38
8017036388062220760,1479735970,1,47.38
8022178122812724446,1483973961,1,47.1
8031899498943781745,1483753716,1,71.92
8035911212149258356,1480533990,1,34.7
8038666867803422742,1481271229,1,23.59
803888563485194008,1482861514,1,63.99
803888563485194008,1483989737,1,68.99
8039691484832064792,1487736139,1,30.78
8050569800100708827,1481488492,1,71.17
8056549664540866656,1484000273,1,50.79
806304580282256912,1485392403,1,24.99
8075224072994529269,1479002716,1,61.17
8083032289819495499,1478398853,1,58.9
8084104839232710920,1486075885,1,45.98
8084853554695349186,1481478267,1,17.98
8086463065346141262,1487223663,1,52.96
8086664765433445252,1482086181,1,110.47
8091284002796565569,1482634609,1,62.99
8091479699447776041,1482265505,1,47.47
8092136662808852323,1485377642,1,69.38
8092136662808852323,1486139748,1,540.82
809414136326091253,1487958827,1,209.59
8094760238858385378,1481919747,1,3.99
8095534864331914505,1482386388,1,117.89
8097586032450579868,1480965474,1,89.96
8099100389239339471,1486249583,1,62.97
8100631432407926233,1483646449,1,46.98
8104799165934477164,1481227348,1,27.39
8106371628500226206,1481532533,1,98.97
8116377874526572960,1480357120,1,27.99
8128044276581168688,1481617035,1,34.38
8130587090166604598,1479786297,1,64.36
8130587090166604598,1483672878,1,46.59
813435824692883942,1484342015,1,10.55
8145163960852754604,1478269869,1,35.97
8150757985945162593,1480395596,1,50.96
8153111037173030058,1484245418,1,23.99
8154133792067968045,1487805458,1,9.18
8154924519171024692,1487260001,1,84.19
8156693537451506265,1484267392,1,236.45
8161635015929084485,1480218649,1,2549.0
8163699947659294653,1487900381,1,62.99
8167811292026269962,1481786422,1,124.99
8169305932397665890,1482554372,1,97.99
8176423825601532068,1486929770,1,52.99
8177926454449055094,1482619933,1,40.98
817889198360028730,1488307812,1,123.12
8180841505813977197,1478623271,1,176.09
8190690604112443321,1479138209,1,36.19
8191371294306245008,1481676317,1,104.33
8192111433963330892,1487375809,1,60.73
8196143996234418692,1478536726,1,31.98
8197879643797712877,1478033117,1,172.44
8197879643797712877,1478790901,1,395.46
8197879643797712877,1481716782,1,467.75
8197879643797712877,1483371238,1,340.13
8197879643797712877,1486036274,1,472.69
819875025512378535,1482958944,2,259.35
8200223105926163583,1488345482,1,162.93
8202495144218667422,1487358048,1,42.94
8202507786150001667,1481858160,1,31.78
8203412351715832620,1487800162,1,5.99
820434232211333013,1485894064,1,19.39
8204948786772799314,1485358707,1,407.07
8214456767333378973,1486241717,1,146.9
8219922685567782284,1486761532,1,35.18
8220379117418201763,1479760588,1,33.99
8221116605801885969,1482123135,1,95.47
8223058588270427668,1478800370,1,52.39
8224029032220919338,1483206725,1,47.98
8241534264339644155,1487257625,1,43.99
82422266360134560,1479939482,1,19.18
824955529524013757,1479756432,1,22.19
8264946937115630193,1485962818,1,36.0
8269418639715927246,1482722329,1,95.58
8270496199036468990,1479177270,1,25.98
827758820563592695,1481952033,1,80.96
8277697496987047439,1482196459,1,106.57
8280304533450595822,1484569563,1,23.97
8280304533450595822,1486899226,1,49.97
8284311607531582308,1483659702,1,43.59
8284519161511719385,1484687269,1,38.98
8287144117447582539,1486150779,1,115.45
8292770276291302207,1480391890,1,120.99
8293473430179141537,1481607228,1,20.99
8304708431281283442,1481649814,1,25.99
8305810804832778221,1486242223,1,279.91
8312034469464405386,1487350848,1,87.54
8320651005755602125,1480585718,1,52.99
8322523238552417357,1479485888,1,145.57
8322693232285500367,1486769443,1,65.85
8326216661433256672,1487119865,1,47.99
8328595660449582446,1481569137,1,77.14
8330472429404648819,1483058623,1,352.44
833578923660418003,1479143817,1,18.48
8336976483259265727,1478658337,1,32.99
8337573900775639838,1480800280,1,18.99
8337573900775639838,1480900848,1,23.99
8339039424154298019,1479129841,1,44.98
8340067970218842770,1478869428,1,346.8
8343235523660453315,1484834745,1,65.35
8344446393157130768,1481942013,1,15.96
8347525570641445794,1480384482,1,23.99
8349616493393634157,1478966467,1,192.09
8354297261063065972,1487555133,1,50.95
8355420463503976615,1481829501,1,46.9
835945267501881844,1482017146,1,29.98
8359659445596139520,1479485405,1,733.2
8367206066214183736,1478052822,1,29.18
8376588599505232518,1484891409,1,83.35
8379398938146461034,1482191519,1,49.79
8379929056656388083,1482946755,1,67.99
8380758485176387749,1482379694,1,51.98
8383482005458166982,1480095260,1,21.99
8386005360264400934,1481558609,1,59.99
8386027227055813361,1482035643,1,45.79
8386561909318064795,1483391685,1,21.18
8388599810336818038,1480536898,1,18.99
8389155277807224818,1480459804,1,56.98
8389155277807224818,1481603238,1,18.99
8392868908637772371,1479355604,1,62.98
8395347447837292340,1484324189,1,19.99
8398495866792940081,1482300928,1,164.15
8398495866792940081,1482532752,1,75.39
8398495866792940081,1485128091,1,16.19
8400614529378971785,1479148656,1,38.58
8401094161048767375,1488078174,1,24.99
8401651010663630290,1482982677,1,18.98
8402574004959447870,1481995079,1,80.45
840275515214055415,1483382120,1,32.19
8403641595081021765,1480918675,1,84.92
8406359927975063956,1483577933,1,18.99
8410351216723895628,1483670611,1,49.97
8413068470512078084,1480620889,1,58.0
8415446163496582729,1482003101,1,87.99
8417202623298662742,1483061916,1,29.18
8424419632246672447,1482976271,1,6.99
8428387378868441998,1488235143,1,307.34
8429653225633075806,1478405098,1,78.96
8432434567618305534,1479393229,1,173.94
8434433458217392549,1487369272,2,88.98
8434622228747679141,1487288239,2,59.17
8436111518276224123,1481772454,1,27.47
8436426603099391262,1478265472,1,182.8
8436426603099391262,1479954329,1,809.4
8436426603099391262,1481814160,1,53.75
8436426603099391262,1485890093,2,821.14
8437936763415718280,1481936362,1,52.99
8439876649327753892,1487794755,1,16.19
8441639142548296911,1478290671,1,421.85
8441678566500031275,1479250748,1,260.85
8444725132150789814,1481645890,1,742.48
8445874485122538874,1482009431,1,52.98
8452979952112356529,1484398743,1,51.97
8455273438163563940,1483412737,1,40.98
8458243418330971612,1478192011,1,146.55
8461125385427313402,1482793171,1,35.98
8461560860601581176,1483225316,1,37.18
8462260515362907602,1480566735,1,27.98
8467075594022086226,1487649004,1,54.57
8470869758522183123,1485562664,1,26.88
8473691589953838175,1479413245,1,31.98
8474234016850664643,1479016660,1,18.96
8479157276312488883,1481311641,1,45.98
848056005472327761,1487882381,1,97.17
8485421393652582878,1485886991,1,553.39
8485421393652582878,1487792728,2,1001.7
8489033194414810248,1487869219,1,22.99
8496471110769354816,1484589338,1,21.93
8501985399565493808,1487370058,1,103.77
8502947184347760637,1479947039,1,56.98
8503170994445052294,1487984668,1,52.79
8504210729882302627,1486570721,1,134.35
851059545573229045,1478636631,1,143.89
8510958331981092876,1486344799,1,45.79
8512789014299357843,1480463369,1,48.55
8516882506529991379,1487369255,1,40.59
8520080324772837069,1480472078,1,59.99
852340024895888997,1480951045,1,14.48
8527647041260806312,1482725355,1,41.58
8528170749260731046,1481777598,1,90.77
853098633014712543,1487885450,1,51.8
8534676356103269438,1478979661,1,148.94
853846740627743695,1485978295,1,18.59
8539433516671325668,1486651284,1,2877.0
8542560995794563676,1478822203,1,129.9
854480075976735047,1487598240,1,18.76
8568993834443001603,1480273940,1,269.85
8574251866665511168,1480516343,1,23.98
8577293288032941687,1479674169,1,52.57
857789851975853502,1478300522,1,79.97
8579755621948479912,1481944367,1,126.97
8580500281836134994,1481589736,1,20.99
8580690454272378006,1485907349,1,59.99
8582544988720326355,1482203393,1,88.98
8583162603800499528,1478881714,1,35.18
858907398877026247,1481046062,1,31.98
8596862850387134224,1482207502,1,44.97
8598995083021048462,1482524461,1,498.5
8600540361187212386,1479754818,1,18.19
860548659372971981,1480799012,1,35.78
8607094794616630053,1487300363,1,30.96
861020260643792259,1478236905,1,71.92
8612454810238832902,1482252076,1,26.99
8613941918489869666,1480620968,1,55.95
8616386948005204197,1480528482,1,81.19
8627561348122631479,1480988143,1,427.0
8628652903130668773,1482416004,1,158.13
8628901127410360895,1482434125,1,71.75
8632030329369995030,1481043407,1,21.98
8635032301713979066,1481899908,1,63.99
8635761956186400931,1483906872,1,64.99
8635876981287578318,1481752952,1,111.6
8637126764947849416,1483642129,1,1021.5
86382053515995633,1482295037,1,108.14
86439549065030167,1481303313,1,47.95
8645410884814968942,1480349631,1,107.99
8649724530015932809,1480344625,1,20.99
8650561939076104430,1482185247,1,254.72
8657427332734176422,1481057464,1,210.53
8657760181531700072,1479683461,1,49.7
8660468043927620162,1482196276,1,95.09
866876673966650759,1481083754,1,222.97
8668902316036611419,1482441526,1,115.96
8668902316036611419,1485288191,1,34.85
8670467728578251460,1481325665,1,45.95
867222691898422653,1485213275,1,407.6
8673840761390618502,1481606513,1,32.98
8674825610490991214,1481844641,1,72.96
8674967480469977880,1487873404,2,50.98
8681536568147881987,1480815005,1,53.96
8681824816551475560,1479580203,1,81.19
868383912397841864,1485786629,1,87.96
8687950969845469175,1479736782,2,62.56
8688274309849590379,1482240450,1,62.96
8693243630258269038,1480113377,1,37.99
8694856978867122948,1481046808,1,83.12
8695060915944619742,1482002082,1,23.99
8696957377453802990,1484530269,1,24.99
870106544594907327,1485917307,1,200.14
8706126538675944851,1480465198,1,336.2
8706577222412136430,1479913009,1,29.99
8708692061686223002,1486151676,1,23.99
8713712358107522024,1486084199,1,20.99
8715196944012266147,1485157896,1,43.48
8718806684615672297,1487642367,1,13.98
8722134795757149550,1483325386,1,62.99
8722485686890283296,1481753898,1,80.95
8725233109591668563,1487370008,1,40.59
8730049851613891578,1486659827,1,43.91
8732851930858933154,1481231863,1,114.75
8733651591299904619,1480430000,1,220.84
8740176326132717435,1478000301,1,92.99
8740176326132717435,1478106329,2,2520.9
8751305504518329482,1479461426,1,11.5
8754452884191338331,1486566267,1,200.18
8759765163513556904,1487730029,1,41.95
8764312739486524799,1486503969,1,27.19
8767345170065465322,1487665232,1,100.99
8767731065918299001,1481207382,1,318.84
8768174564332889527,1481665483,1,101.5
8768941993503190593,1483636063,1,34.47
8771334811414684214,1486564303,1,26.99
8771657580630576008,1481944193,1,9.98
8772028441330038912,1479506196,1,27.99
877309838741280237,1481667655,1,91.54
8775794095398505821,1482939382,1,32.97
8777213135454243540,1483659168,1,26.99
8778563943491859628,1488248147,1,40.97
8785356457446164394,1478660329,1,30.18
8790261555863797241,1480965303,1,198.33
8792964538087565756,1482181981,1,36.77
8793209921547478119,1483045734,1,95.99
8796179874973851402,1486682022,1,25.99
8813436791449006259,1480384814,1,24.98
8814021277498961876,1482285839,1,114.49
8832840235464460612,1481746198,1,47.97
8835738429285274387,1481685242,1,23.19
8838271881130575329,1482282655,1,147.18
8841032067028596264,1478276502,1,124.79
8845114678141238765,1486586601,1,18.19
8854720490471825875,1486332830,1,28.96
8861704144366655271,1482542906,1,174.91
8863430724995588001,1478551167,1,75.56
8863754637499294953,1479936897,1,25.78
8867871460130530179,1487370130,1,72.18
8870316840527472336,1481754553,1,11.98
8883064592655631631,1480976194,1,47.79
8883600023735279403,1481063006,1,528.8
8883600023735279403,1482179335,1,32.39
8885678008062348404,1483379496,1,64.99
8889736070492596057,1486048095,1,729.3
8914990444419608855,1481061656,1,75.99
891856926182569230,1483385480,1,25.96
8918875846126233398,1485198154,1,28.18
8919239727747917945,1478209457,1,47.77
892253650152462516,1481666023,1,34.0
8923647985251251100,1478100656,1,27.99
8924760956022529477,1481826070,1,1140.79
8926768253847212533,1485817035,1,29.78
893172555107967427,1481928153,1,205.96
8936288144041600738,1482811360,1,200.6
8938971326129686194,1480001497,2,21.97
8939441371996358045,1486354894,1,12.96
8943826077363330152,1486787010,1,21.99
8944253492706794523,1480581209,1,38.96
8946514554986669717,1485446384,1,35.72
8947840269258098991,1478633501,1,39.99
8947946498901524856,1486440487,1,68.97
8951208689934718226,1478375989,1,33.98
8951303541866316338,1480059717,1,62.99
8958014909815148266,1480378474,1,23.98
8963849210488709948,1484692333,1,18.99
896420018503205883,1482012028,1,61.99
8964370317018374549,1481590255,1,69.36
897566953286247040,1482952234,1,63.99
8985948032553964111,1479334274,1,22.99
8986179509991315962,1484943301,1,31.37
8986419064533048234,1479922573,2,435.51
8986419064533048234,1480140790,1,210.06
8989237843879391411,1481828409,1,56.99
8991883753998763488,1482101876,1,97.58
8993704269203931826,1481940204,1,71.98
9000097709332736093,1481935231,1,148.97
9002953633143515508,1485891964,1,43.97
9004668593024428031,1485984935,1,1205.85
9004668593024428031,1486000482,1,91.58
9005201499963725625,1480359013,1,99.97
9006674589877323297,1486845252,1,107.99
9013296840842675812,1486193195,1,71.98
9014136210132782367,1480474573,1,63.98
9015377887977642612,1484683824,1,33.47
9017249703406411169,1486504620,1,301.85
9019087328365285075,1480125195,1,23.99
9019965756278401473,1481247340,1,19.99
9020293433767026152,1481928888,1,10.99
902501703660198350,1478565554,1,305.75
9027926305196111055,1478562301,1,58.99
9029794295932939024,1478124914,1,602.99
9029794295932939024,1479384751,1,455.62
9029794295932939024,1479905008,1,813.29
9029794295932939024,1481024264,1,1309.2
9029794295932939024,1484559404,1,895.57
9029794295932939024,1487085442,1,935.81
9029794295932939024,1487722284,1,893.41
903092138107493329,1480965977,1,20.98
9031259776223970026,1487555854,1,58.96
9033474883204542086,1481735042,1,23.98
9034814434587721345,1485821620,1,86.99
903821245365156924,1481502380,1,62.96
9039546167108792600,1486618960,1,9.5
904113296448524053,1480696870,1,60.87
9044444019630799818,1480451619,1,28.99
9044444019630799818,1481599107,1,36.98
9044996785634982792,1478191030,1,22.99
9049250229691904708,1485280054,1,82.99
9050594579750010296,1486590002,1,18.99
9056182171688831716,1483729419,1,79.57
9056241680102285255,1479494944,1,50.79
9056455627173899052,1478038663,1,129.53
9059252837997508617,1485318493,1,19.99
9065887794578941073,1481687888,1,123.98
9067391538272092242,1479219404,1,284.09
9069857677561627108,1479531407,1,75.99
9072756856133512557,1481064708,1,116.62
9076855423971870982,1481918018,1,16.19
9077649148974613765,1485812515,1,33.78
9077717113702247034,1482890330,1,60.94
9077717113702247034,1485135453,1,22.96
9079614112770240084,1481646725,1,180.75
9079614112770240084,1484676704,1,76.94
9085889099907936864,1487370446,1,41.59
908686415962464519,1479938819,1,352.78
9087900634416277162,1480470879,1,17.99
9088228363013905444,1481279739,1,99.99
9089051012648902020,1481048126,1,160.16
9089132392240687728,1478013433,1,681.1
9089132392240687728,1479833905,1,674.5
9089132392240687728,1482943062,1,1020.06
9089132392240687728,1484067708,1,1235.56
9089132392240687728,1485737724,1,1158.8
9089132392240687728,1487983484,1,1220.35
9090173644074015025,1485402328,1,11.99
9096520761663761535,1484846550,1,1036.55
9099065750965948583,1478699797,1,50.76
9103904807286032744,1481084313,1,7.0
9113512902535723065,1486756265,1,32.55
9113941842423951510,1481323435,3,187.77
911428964962660656,1481225507,1,47.97
9116179941398163691,1482451555,1,69.97
9117420367534778573,1481902616,1,23.99
9119291339649860876,1480365808,1,85.98
912047147025556789,1481683518,1,26.99
9122350425856868704,1485196771,1,366.72
9124070353088429794,1486107999,1,79.98
9125898229130280539,1481051592,1,221.7
9127648314670892401,1479406249,1,121.0
9138559110728352408,1482112419,1,62.16
9138724730025253369,1478304027,1,28.19
9138953117283252035,1486676729,1,53.37
914215065327707355,1486163826,1,20.97
9150407128657944902,1478721791,1,25.38
9155733677303509015,1481233242,1,70.58
9156564036943742267,1486231764,1,18.97
9156598245251666249,1478538833,1,24.19
9160823894533636806,1479439395,1,8.0
916418463050257488,1480803951,1,63.99
9164894477297734993,1482989264,1,87.94
9167543463561381691,1480731750,1,23.99
9167619143528536175,1480467385,1,212.52
9175759822797346321,1479765262,1,24.99
9178268652793485152,1480915407,1,27.99
9193930054101057748,1487209629,1,40.18
9195681118622809806,1487375443,1,40.59
9197517123967159565,1488229412,1,18.19
9201778469825138922,1485225785,1,26.99
9205496322274361632,1483380012,1,29.99
9218407649546437318,1486231965,1,113.99
9221994018681606788,1481064674,1,32.18
9223171695530901209,1478493465,1,181.68
9224783500329448504,1481679979,1,14.99
9225817754546900364,1481981182,1,79.4
922615354832601075,1481752917,1,23.98
9228091811246318377,1486155118,1,312.49
9229825766007048797,1487907362,1,29.99
9233239597587770346,1479398267,1,316.4
9234156111722725905,1481483944,1,51.94
9236111873622098497,1481237714,1,83.99
9236502013498900724,1487079699,1,145.17
9237271576556447449,1485136484,1,20.59
9238751503458248415,1481131358,1,19.59
923997752068871551,1483167680,1,62.99
9241912494909831987,1487117211,1,40.59
9242714675091818589,1478481934,1,68.97
9242714675091818589,1479958682,1,38.99
9252419163788953027,1478985222,1,40.99
9253755615213751082,1480941992,1,68.87
925490504455490197,1485895836,1,49.9
9257707423255469457,1482018254,1,53.79
9259412484953197672,1486753691,1,576.84
9259810944241867637,1482191172,1,195.98
9262188833552187885,1481910987,1,175.54
9263921253881961615,1486225887,1,13.39
9275740735751035515,1487913589,1,647.9
9279133350309970256,1481433326,1,13.99
9282206218253931143,1480108994,1,53.79
9283837604660716391,1479353238,1,25.99
928560936983652295,1481853232,1,49.98
928839756281131178,1478707641,1,61.99
928980428117180710,1480800512,1,81.47
9293364933491818472,1478958296,1,50.98
9293575840819435961,1484925366,1,28.99
930131333447511778,1481139588,1,72.46
9302330158412938253,1479443751,1,41.97
9303597515522078918,1480346379,1,64.78
9305766004990797685,1486679281,1,655.55
9313739311793455748,1481927126,1,12.98
9323069406687793647,1485554450,1,67.99
9326855238826836003,1485293376,1,17.98
93310453484553750,1478630499,1,35.19
9332319683360717593,1481765530,1,144.96
9332559619940886845,1483468471,1,26.54
9332976968342857288,1484166595,1,36.18
9338374006954760146,1480595672,1,705.4
9338374006954760146,1483637514,1,1948.0
9340462929584208347,1486606351,1,616.5
9345236291311011831,1479926284,1,17.59
9349364692544549739,1481506585,1,43.17
936159302103344661,1481604563,2,126.89
9368618189538624238,1482203039,1,47.21
9372618001980854712,1479264870,1,375.23
9372618001980854712,1482254320,1,683.82
9372618001980854712,1488036352,1,524.87
9373231378984131987,1488108853,1,102.0
9373231378984131987,1488118523,1,103.0
9373768824735614756,1483463514,1,14.5
9375313974510864309,1479147410,1,46.97
9377429831454005466,1478200442,1,45.98
9377458374004899718,1482282817,1,14.58
9378433426283964191,1485559520,1,131.54
937994839279902527,1486086007,2,56.0
937994839279902527,1487370292,1,41.59
9386787389707627667,1481505557,1,46.98
9388951771131521213,1487779314,1,22.99
9388969702302248585,1487009101,1,101.38
9389853808320852799,1484162048,1,89.75
9392777155254383554,1479487643,1,280.8
9393064695401243962,1486175439,1,29.99
939610499574900867,1481754000,1,11.39
94024465151480107,1486870160,1,39.98
9405485680580115481,1480603633,1,26.99
940775638196153770,1481997770,1,19.96
9408687249095650177,1481900007,1,24.99
9409306998104220839,1482651534,1,104.13
9412934606338965915,1478719244,1,5.98
9415829283766056542,1481681170,1,18.59
9418685082988026045,1481433903,1,49.59
9418685082988026045,1481438962,1,39.38
942090785617526946,1485967119,1,21.98
9423576751760739793,1483471853,1,155.93
9424126722376172691,1481056903,1,219.7
9424559988281477207,1486581621,1,11.98
9427363159955336757,1485732278,1,113.94
9429313791879453897,1487370647,1,36.59
9432393275834688713,1484266115,1,77.52
9433643728318784543,1485914202,1,89.16
9445040027321501864,1478547930,1,55.98
944798354555847366,1482780898,1,69.96
9456983848041488032,1478468190,1,51.95
9457643087878203141,1480982179,1,477.05
9457643087878203141,1483718050,1,800.35
9458478946174454541,1481916894,1,117.98
9459521664420901303,1487690862,1,37.95
9461730563867902782,1481828049,1,26.99
9465622574731169620,1481738734,1,29.35
9465930712258878497,1481749088,1,24.19
9467619663210756890,1487605536,1,39.98
9469223284221868281,1481522106,1,75.39
9471810254016440991,1483984836,1,117.31
9478017318518077381,1481927721,1,3.2
9478362596934369742,1485883654,1,32.98
9482544472489334744,1481222848,1,137.97
9490705353206455281,1482293887,1,45.79
9493021416478611124,1482070437,1,53.37
9494133895731511288,1481581510,1,98.58
9499863085866799147,1479589055,1,123.16
9501935735689807050,1482420560,1,19.19
9503263320769884901,1482246743,1,236.12
9503612993189278427,1487108042,1,34.59
9505279375401532282,1484443678,1,14.99
9508544975396755922,1486421017,1,159.7
9508546152429052363,1480344798,1,22.99
9509621049646377285,1487973413,1,59.77
9514997449000983414,1478198441,1,64.57
9519453598438934808,1485117971,1,960.55
9519453598438934808,1485897066,1,183.55
9521468135901127639,1479587010,1,45.79
9522133298937793910,1483635208,1,112.78
9523029968201478956,1480821394,1,81.99
9523142287027067833,1479964955,1,88.03
9523142287027067833,1482851234,1,62.63
9523142287027067833,1483415431,1,49.79
9530106606759874111,1481378660,1,24.99
9531727821358779487,1479767863,1,20.2
9531727821358779487,1480345314,1,34.8
9535165767399175841,1483923585,1,38.38
9535515835082372493,1486583282,1,778.59
9539836985691184336,1478874509,1,118.11
9540071251493866863,1478668742,1,4.98
9541216071431560465,1485969536,1,38.38
9541870086630790426,1485882505,1,19.97
9546342724507949955,1481217415,1,134.97
9554575617548923526,1481006801,1,45.37
9555741736996986439,1482022307,1,37.97
9556564333684881224,1487618517,1,115.36
9558145388456421164,1480559182,1,60.93
9562948220302753056,1486137202,1,59.99
9566536237552821183,1481481564,1,24.99
9571301648285059423,1481511099,1,21.99
9574540989591143939,1486661421,1,33.39
9584184125095401285,1478381166,1,47.99
9584543788078228989,1482173797,1,17.99
958472619245730769,1481357168,1,80.96
9588908882266612738,1481911090,1,33.78
9590846031894656114,1479973740,1,230.97
9591183428141040621,1485338720,1,15.98
9594790927947588163,1478975636,1,106.99
9594790927947588163,1480607651,1,192.44
9596205344388090168,1478289196,1,32.7
9596568187246807844,1485809599,1,108.94
959901135395206593,1481735028,1,68.99
9600570327260491637,1482257373,1,46.76
960612167859203448,1480693664,1,126.88
9612869627266957386,1482635546,1,22.99
9619365002104387449,1483995410,1,120.92
9620923631569343304,1481637908,1,6.5
9620923631569343304,1484338459,1,14.5
9631155213272957768,1484515591,1,13.99
963126344221316701,1483552674,1,72.39
963205524675368812,1483497073,1,57.0
9632311716719827389,1481928562,1,25.91
963236039015727097,1481690528,1,53.57
9633718916074132320,1483830613,1,35.96
963477944460779466,1487172302,1,230.51
9635029100521487345,1481840117,1,19.59
963545935326060098,1481482095,1,25.99
9636637171171801959,1479920497,1,26.99
9637722417818323113,1488004061,1,47.98
9638518335828715596,1483837417,1,56.02
9642698057695067786,1486751439,1,907.19
9658825846616570867,1488227650,1,123.96
9670996124580137796,1483578939,1,166.98
9671728324632392297,1481584206,1,39.37
9671728324632392297,1481767891,1,57.75
9676863188506481453,1485985542,1,295.5
9679444214215496163,1487369189,1,106.77
9685922238510897411,1480310362,1,55.67
9687331249457582509,1487369532,2,164.94
9693524201785668348,1487108647,1,19.37
969805579159280599,1482688776,1,21.99
9705754144788625017,1481496959,1,23.98
9710480501909231921,1483562473,1,161.97
9713078881816410558,1481174969,1,211.51
9715183070192673688,1485798804,1,34.58
9715798393834232864,1484756318,1,51.79
971721932033460269,1479337580,1,9.99
971805808080928342,1486063611,1,76.99
9720544232071502970,1487843143,1,36.98
9723761653714272430,1481723347,1,27.48
9725941383382274621,1479932305,1,665.6
9725941383382274621,1484000933,1,1109.9
9730292256253714917,1480383072,1,56.99
9737461194458412198,1485199595,1,8.5
9738687776376381043,1480164459,1,52.79
9739911317705292942,1480545347,1,28.57
9746124619174084370,1487791475,1,354.3
9748388824239957018,1482105912,2,161.7
9758237602406121028,1478486264,1,40.78
9771437221362506189,1481694509,1,44.99
9771437221362506189,1483538997,2,1088.77
977244245594974922,1484209633,1,29.99
9779316034185036780,1480304412,1,68.98
9785268681128245172,1480455698,1,24.99
9787338107687829305,1487369982,1,40.59
9791048489281287821,1487117139,1,69.96
979767001637491763,1478141640,1,15.98
9798839014162565789,1481835393,1,30.99
9799169384521023462,1478228430,1,22.97
9800907227461881952,1480954061,1,70.92
9803295841650471013,1482264201,1,203.56
9804471949887866440,1487875784,1,31.96
9805083893536695604,1478027209,1,74.85
980669450547078608,1478477416,1,22.98
9806766048628835536,1486952317,1,28.98
9807072102349488174,1478873469,1,72.9
9807072102349488174,1482452954,1,122.99
9816583667217814097,1487394936,1,38.98
9821966112980946101,1487806191,1,23.19
9822939082777176462,1481124307,1,24.97
9830505479421032237,1482192082,1,19.96
9843808262868142262,1481692346,2,25.98
9850419624481065692,1480552340,1,56.99
9850558045899887104,1481505422,1,25.19
9853584520646834627,1481155229,1,34.38
9858678631293882543,1478720900,1,591.27
9866199972997605138,1484856896,1,16.19
9867098324358727615,1481153134,1,58.46
987095605185435799,1487632527,1,82.99
9874814452029274358,1487024734,1,33.98
9876655880508708318,1481465285,1,21.99
987691770768938785,1481235321,1,816.1
9877436521898350258,1480105691,1,25.99
9880284115430195099,1478471676,1,58.99
9880980015643386554,1482275978,1,378.92
9884208408379950496,1484977699,1,198.91
9894656893993782511,1485404785,1,26.95
9898247421236738052,1485905514,1,159.36
9904739620314056122,1478580087,1,102.36
9908767277612583945,1482802958,1,24.99
9911363060681535330,1484767482,1,16.59
9913050839913654697,1485145536,1,18.5
9913613662127530897,1486003425,1,304.25
9914300408059481847,1481492113,1,20.59
9918252406090832709,1484613002,1,17.99
9921480541153586613,1486918810,1,20.19
9922694841308849938,1482265600,1,48.79
992812962494074450,1483573230,1,46.79
9929718464015751383,1481338007,1,59.38
9930798771236875483,1481862740,1,61.99
9935363478089463685,1481281048,1,189.89
9935363478089463685,1481647936,1,108.3
9935876634073968558,1484801431,1,6.98
9938760478533661623,1479916258,1,66.98
9944482549138933048,1484842504,1,122.85
9946129061582785641,1480736875,1,394.24
9947771382967630972,1480106534,1,22.59
9952616174324085427,1478307484,1,484.65
995837089950996818,1484194918,1,209.66
9961713390620821018,1483534225,1,42.97
9962134079133468457,1487694703,1,22.98
9963131995239003867,1485275486,1,46.77
9963742951438650349,1480884019,1,45.79
9967421462090240825,1487129406,1,71.92
9970378027479686216,1488151990,1,96.7
9970378027479686216,1488301739,1,147.7
9972597816595372004,1481326958,1,62.98
9974232250427988367,1480538922,1,1097.5
9974232250427988367,1483725863,1,996.65
9974461982959135812,1484842221,1,23.99
9976366744327936965,1481657849,1,109.78
9981562221973608723,1483576938,1,35.75
9982895886072793603,1482204100,1,34.99
9989795984216871126,1486423306,1,210.72
9991633376050115277,1487376773,1,35.59
9997409246962677759,1481250683,1,40.36
9998996003043230595,1479360030,1,66.98
